gameID  ,turn,side ,move
57380690,1   ,red  ,C2.5
57380690,2   ,red  ,H2+3
57380690,3   ,red  ,R1.2
57380690,4   ,red  ,P7+1
57380690,5   ,red  ,C8.7
57380690,6   ,red  ,H8+9
57380690,7   ,red  ,R2+4
57380690,8   ,red  ,R9.8
57380690,9   ,red  ,P7+1
57380690,10  ,red  ,H9+7
57380690,11  ,red  ,H7+6
57380690,12  ,red  ,R8+9
57380690,13  ,red  ,C5+4
57380690,14  ,red  ,C5.9
57380690,15  ,red  ,C9.1
57380690,16  ,red  ,H6-7
57380690,17  ,red  ,R2.3
57380690,18  ,red  ,P3+1
57380690,19  ,red  ,C7.6
57380690,20  ,red  ,A6+5
57380690,21  ,red  ,C6+1
57380690,22  ,red  ,K5.6
57380690,23  ,red  ,C6-2
57380690,24  ,red  ,C1.3
57380690,25  ,red  ,C6.3
57380690,26  ,red  ,C3-5
57380690,27  ,red  ,H7+8
57380690,28  ,red  ,P9+1
57380690,29  ,red  ,P9+1
57380690,30  ,red  ,K6.5
57380690,31  ,red  ,E7+5
57380690,32  ,red  ,P9+1
57380690,33  ,red  ,H8+9
57380690,34  ,red  ,H9+7
57380690,35  ,red  ,H3+4
57380690,36  ,red  ,H4+6
57380690,37  ,red  ,H7-6
57380690,1   ,black,h2+3
57380690,2   ,black,c8.6
57380690,3   ,black,h8+7
57380690,4   ,black,p7+1
57380690,5   ,black,e7+5
57380690,6   ,black,h7+6
57380690,7   ,black,r9.7
57380690,8   ,black,r1.2
57380690,9   ,black,e5+3
57380690,10  ,black,e-+5
57380690,11  ,black,c2.1
57380690,12  ,black,h3-2
57380690,13  ,black,a4+5
57380690,14  ,black,h2+4
57380690,15  ,black,c1+2
57380690,16  ,black,p7+1
57380690,17  ,black,r7+5
57380690,18  ,black,h6+4
57380690,19  ,black,h++6
57380690,20  ,black,h4+5
57380690,21  ,black,h6+7
57380690,22  ,black,e5-7
57380690,23  ,black,c6.7
57380690,24  ,black,c7+3
57380690,25  ,black,c7+3
57380690,26  ,black,e3-5
57380690,27  ,black,p3+1
57380690,28  ,black,c1-3
57380690,29  ,black,c1.4
57380690,30  ,black,h5+4
57380690,31  ,black,h4+2
57380690,32  ,black,c4+3
57380690,33  ,black,c4-3
57380690,34  ,black,k5.4
57380690,35  ,black,h2-4
57380690,36  ,black,c4+2
57380691,1   ,red  ,C2.5
57380691,2   ,red  ,H2+3
57380691,3   ,red  ,A6+5
57380691,4   ,red  ,H8+7
57380691,5   ,red  ,P5+1
57380691,6   ,red  ,H7+5
57380691,7   ,red  ,P3+1
57380691,8   ,red  ,R1.2
57380691,9   ,red  ,R2+5
57380691,10  ,red  ,H5+3
57380691,11  ,red  ,P5+1
57380691,12  ,red  ,H++5
57380691,13  ,red  ,C8+7
57380691,14  ,red  ,R9.8
57380691,15  ,red  ,R8+4
57380691,16  ,red  ,R8.2
57380691,17  ,red  ,R2+5
57380691,18  ,red  ,R2-3
57380691,19  ,red  ,R2-2
57380691,20  ,red  ,C5.4
57380691,21  ,red  ,E3+5
57380691,22  ,red  ,A5-6
57380691,23  ,red  ,R2.8
57380691,24  ,red  ,K5+1
57380691,25  ,red  ,R8-3
57380691,26  ,red  ,R8.7
57380691,27  ,red  ,C4.5
57380691,28  ,red  ,C5.4
57380691,29  ,red  ,C4.5
57380691,30  ,red  ,R7+2
57380691,31  ,red  ,R7.4
57380691,32  ,red  ,H5+3
57380691,33  ,red  ,H3+2
57380691,34  ,red  ,R4.3
57380691,35  ,red  ,R3+5
57380691,36  ,red  ,R3+1
57380691,37  ,red  ,R3.4
57380691,1   ,black,h2+3
57380691,2   ,black,c8.6
57380691,3   ,black,p7+1
57380691,4   ,black,h8+7
57380691,5   ,black,r9.8
57380691,6   ,black,a6+5
57380691,7   ,black,r8+4
57380691,8   ,black,p7+1
57380691,9   ,black,h7+8
57380691,10  ,black,e3+5
57380691,11  ,black,p5+1
57380691,12  ,black,h3-2
57380691,13  ,black,r1.2
57380691,14  ,black,r2.3
57380691,15  ,black,p3+1
57380691,16  ,black,h8-6
57380691,17  ,black,k5.6
57380691,18  ,black,h6+5
57380691,19  ,black,h5+3
57380691,20  ,black,k6.5
57380691,21  ,black,c2+7
57380691,22  ,black,h3+5
57380691,23  ,black,h5+3
57380691,24  ,black,c2.4
57380691,25  ,black,c4-2
57380691,26  ,black,c4.7
57380691,27  ,black,k5.6
57380691,28  ,black,k6.5
57380691,29  ,black,k5.6
57380691,30  ,black,p3+1
57380691,31  ,black,c6-1
57380691,32  ,black,c6+1
57380691,33  ,black,c7-6
57380691,34  ,black,r3+3
57380691,35  ,black,k6.5
57380691,36  ,black,c6-2
57380692,1   ,red  ,C8.6
57380692,2   ,red  ,P3+1
57380692,3   ,red  ,H2+3
57380692,4   ,red  ,H3+4
57380692,5   ,red  ,P3+1
57380692,6   ,red  ,H4+6
57380692,7   ,red  ,C2.5
57380692,8   ,red  ,C5+4
57380692,9   ,red  ,C5-2
57380692,10  ,red  ,R1.2
57380692,11  ,red  ,R2+5
57380692,12  ,red  ,R2.3
57380692,13  ,red  ,R3+1
57380692,14  ,red  ,H6+4
57380692,15  ,red  ,H8+7
57380692,16  ,red  ,R9.8
57380692,17  ,red  ,R8+6
57380692,18  ,red  ,R8.5
57380692,19  ,red  ,C5+3
57380692,20  ,red  ,R5+1
57380692,21  ,red  ,H4+6
57380692,22  ,red  ,C6+7
57380692,23  ,red  ,R3.5
57380692,24  ,red  ,R-.9
57380692,25  ,red  ,R9.1
57380692,26  ,red  ,R1.8
57380692,27  ,red  ,R5-2
57380692,1   ,black,h8+7
57380692,2   ,black,e3+5
57380692,3   ,black,h2+4
57380692,4   ,black,p7+1
57380692,5   ,black,e5+7
57380692,6   ,black,h4+6
57380692,7   ,black,e+-5
57380692,8   ,black,a6+5
57380692,9   ,black,r9.8
57380692,10  ,black,h7+6
57380692,11  ,black,h-+8
57380692,12  ,black,c2+2
57380692,13  ,black,p3+1
57380692,14  ,black,c8.6
57380692,15  ,black,r1.3
57380692,16  ,black,c2-2
57380692,17  ,black,c2.4
57380692,18  ,black,h6+4
57380692,19  ,black,e7+5
57380692,20  ,black,h4+3
57380692,21  ,black,c6.4
57380692,22  ,black,r3.4
57380692,23  ,black,r4+1
57380692,24  ,black,h8-6
57380692,25  ,black,c4+2
57380692,26  ,black,c4.5
57380692,27  ,black,r4+8
57380693,1   ,red  ,E3+5
57380693,2   ,red  ,H2+4
57380693,3   ,red  ,H4+6
57380693,4   ,red  ,C8.7
57380693,5   ,red  ,P5+1
57380693,6   ,red  ,A6+5
57380693,7   ,red  ,P5+1
57380693,8   ,red  ,C2.4
57380693,9   ,red  ,C7-1
57380693,10  ,red  ,E5-3
57380693,11  ,red  ,C4.5
57380693,12  ,red  ,H8+9
57380693,13  ,red  ,C5+5
57380693,14  ,red  ,E7+5
57380693,15  ,red  ,H6+5
57380693,16  ,red  ,H5+6
57380693,17  ,red  ,R9.6
57380693,18  ,red  ,R6+2
57380693,19  ,red  ,A5+4
57380693,20  ,red  ,R6.5
57380693,21  ,red  ,H6+7
57380693,22  ,red  ,C7.4
57380693,23  ,red  ,A+-5
57380693,24  ,red  ,H7-6
57380693,25  ,red  ,C4+1
57380693,26  ,red  ,H6-5
57380693,27  ,red  ,H5-4
57380693,28  ,red  ,H9-7
57380693,29  ,red  ,H7+6
57380693,30  ,red  ,K5.6
57380693,31  ,red  ,K6+1
57380693,32  ,red  ,R1+1
57380693,33  ,red  ,R1.2
57380693,34  ,red  ,R2+8
57380693,35  ,red  ,R2-6
57380693,36  ,red  ,R2+6
57380693,37  ,red  ,R2-6
57380693,38  ,red  ,R2.5
57380693,39  ,red  ,R5.2
57380693,40  ,red  ,E3+5
57380693,41  ,red  ,A5+6
57380693,42  ,red  ,A4+5
57380693,43  ,red  ,K6-1
57380693,44  ,red  ,E5-7
57380693,45  ,red  ,E7+9
57380693,46  ,red  ,K6.5
57380693,47  ,red  ,R2+1
57380693,48  ,red  ,H6+4
57380693,49  ,red  ,A5-6
57380693,50  ,red  ,A+-5
57380693,1   ,black,c2.5
57380693,2   ,black,h2+3
57380693,3   ,black,r1.2
57380693,4   ,black,h8+7
57380693,5   ,black,r2+4
57380693,6   ,black,p5+1
57380693,7   ,black,r2.5
57380693,8   ,black,r9.8
57380693,9   ,black,c8+7
57380693,10  ,black,h7+5
57380693,11  ,black,r5+2
57380693,12  ,black,r5.7
57380693,13  ,black,e7+5
57380693,14  ,black,h5+4
57380693,15  ,black,r7.6
57380693,16  ,black,a6+5
57380693,17  ,black,h3+5
57380693,18  ,black,r6.5
57380693,19  ,black,r5+1
57380693,20  ,black,h4+5
57380693,21  ,black,k5.6
57380693,22  ,black,a5+6
57380693,23  ,black,a6-5
57380693,24  ,black,h+-7
57380693,25  ,black,h7+8
57380693,26  ,black,h8-6
57380693,27  ,black,h5+4
57380693,28  ,black,r8+5
57380693,29  ,black,p7+1
57380693,30  ,black,p3+1
57380693,31  ,black,h4+2
57380693,32  ,black,r8.4
57380693,33  ,black,c8.9
57380693,34  ,black,k6+1
57380693,35  ,black,k6-1
57380693,36  ,black,k6+1
57380693,37  ,black,k6-1
57380693,38  ,black,k6.5
57380693,39  ,black,p7+1
57380693,40  ,black,p7.6
57380693,41  ,black,a5-6
57380693,42  ,black,a4+5
57380693,43  ,black,c9-2
57380693,44  ,black,h2+1
57380693,45  ,black,h1-3
57380693,46  ,black,h3-1
57380693,47  ,black,r4.2
57380693,48  ,black,r2+4
57380693,49  ,black,h1+3
57380693,50  ,black,h3-5
57380694,1   ,red  ,C8.5
57380694,2   ,red  ,H8+7
57380694,3   ,red  ,R9+1
57380694,4   ,red  ,H2+3
57380694,5   ,red  ,R1+1
57380694,6   ,red  ,R1.4
57380694,7   ,red  ,R9.6
57380694,8   ,red  ,R4+5
57380694,9   ,red  ,R6+5
57380694,10  ,red  ,R6.7
57380694,11  ,red  ,C2.5
57380694,12  ,red  ,P5+1
57380694,13  ,red  ,H7+5
57380694,14  ,red  ,A6+5
57380694,15  ,red  ,E3+5
57380694,16  ,red  ,H5+7
57380694,17  ,red  ,H7+6
57380694,18  ,red  ,H6-5
57380694,19  ,red  ,R4.3
57380694,20  ,red  ,R7.3
57380694,21  ,red  ,P3+1
57380694,22  ,red  ,A5+6
57380694,23  ,red  ,H5+4
57380694,24  ,red  ,A4+5
57380694,25  ,red  ,H3+4
57380694,26  ,red  ,K5.6
57380694,27  ,red  ,H-+6
57380694,28  ,red  ,H4+6
57380694,29  ,red  ,R3+2
57380694,1   ,black,h2+3
57380694,2   ,black,r1.2
57380694,3   ,black,c2+4
57380694,4   ,black,c8.5
57380694,5   ,black,h8+7
57380694,6   ,black,a6+5
57380694,7   ,black,r9.8
57380694,8   ,black,r8+3
57380694,9   ,black,c2+1
57380694,10  ,black,c2.5
57380694,11  ,black,r2+2
57380694,12  ,black,c5+3
57380694,13  ,black,p5+1
57380694,14  ,black,c5+2
57380694,15  ,black,p5+1
57380694,16  ,black,h3+5
57380694,17  ,black,r2.4
57380694,18  ,black,h5+4
57380694,19  ,black,r8.7
57380694,20  ,black,h4+2
57380694,21  ,black,h7-6
57380694,22  ,black,r4+3
57380694,23  ,black,a5+6
57380694,24  ,black,r4+1
57380694,25  ,black,h2+3
57380694,26  ,black,r4.3
57380694,27  ,black,r3.4
57380694,28  ,black,k5+1
57380695,1   ,red  ,H2+3
57380695,2   ,red  ,C8.6
57380695,3   ,red  ,H8+7
57380695,4   ,red  ,R9.8
57380695,5   ,red  ,R8+4
57380695,6   ,red  ,C2.1
57380695,7   ,red  ,P3+1
57380695,8   ,red  ,R8.3
57380695,9   ,red  ,P7+1
57380695,10  ,red  ,R3.7
57380695,11  ,red  ,E3+5
57380695,12  ,red  ,A6+5
57380695,13  ,red  ,H7+6
57380695,14  ,red  ,H6+4
57380695,15  ,red  ,H4-2
57380695,16  ,red  ,P5+1
57380695,17  ,red  ,R7.5
57380695,18  ,red  ,C6.7
57380695,19  ,red  ,R5.6
57380695,20  ,red  ,H3+5
57380695,21  ,red  ,H5-3
57380695,22  ,red  ,E5-7
57380695,23  ,red  ,H3+2
57380695,24  ,red  ,C7.6
57380695,25  ,red  ,C6-2
57380695,26  ,red  ,C1.4
57380695,27  ,red  ,P1+1
57380695,28  ,red  ,P1+1
57380695,29  ,red  ,R1+5
57380695,30  ,red  ,H2+4
57380695,31  ,red  ,H4-2
57380695,32  ,red  ,R1-3
57380695,33  ,red  ,R6.5
57380695,34  ,red  ,C4.5
57380695,35  ,red  ,R1.3
57380695,36  ,red  ,R3.4
57380695,37  ,red  ,H2+4
57380695,38  ,red  ,A5+6
57380695,39  ,red  ,K5+1
57380695,40  ,red  ,H4+2
57380695,41  ,red  ,K5.4
57380695,42  ,red  ,K4.5
57380695,43  ,red  ,K5-1
57380695,44  ,red  ,A4+5
57380695,45  ,red  ,H2-3
57380695,46  ,red  ,K5.4
57380695,1   ,black,p7+1
57380695,2   ,black,p3+1
57380695,3   ,black,h2+3
57380695,4   ,black,r1.2
57380695,5   ,black,h8+7
57380695,6   ,black,h7+8
57380695,7   ,black,p7+1
57380695,8   ,black,e3+5
57380695,9   ,black,p3+1
57380695,10  ,black,a4+5
57380695,11  ,black,c2+2
57380695,12  ,black,c2.3
57380695,13  ,black,r9+1
57380695,14  ,black,p5+1
57380695,15  ,black,r2+3
57380695,16  ,black,p5+1
57380695,17  ,black,r9.7
57380695,18  ,black,h3+4
57380695,19  ,black,h4-6
57380695,20  ,black,r2+3
57380695,21  ,black,c3+5
57380695,22  ,black,c8+3
57380695,23  ,black,r2+3
57380695,24  ,black,r2.3
57380695,25  ,black,r7+5
57380695,26  ,black,r7.1
57380695,27  ,black,r1.5
57380695,28  ,black,p9+1
57380695,29  ,black,p1+1
57380695,30  ,black,r5-2
57380695,31  ,black,r3-3
57380695,32  ,black,r5+1
57380695,33  ,black,h6+5
57380695,34  ,black,h5+7
57380695,35  ,black,h8+6
57380695,36  ,black,h7+5
57380695,37  ,black,r3+3
57380695,38  ,black,r3.4
57380695,39  ,black,r4-2
57380695,40  ,black,k5.4
57380695,41  ,black,h5+4
57380695,42  ,black,r4.6
57380695,43  ,black,h4-3
57380695,44  ,black,r6.5
57380695,45  ,black,r5+1
57380695,46  ,black,h6+7
57380696,1   ,red  ,H8+7
57380696,2   ,red  ,H2+1
57380696,3   ,red  ,E7+5
57380696,4   ,red  ,C2.4
57380696,5   ,red  ,R1.2
57380696,6   ,red  ,R2+5
57380696,7   ,red  ,P7+1
57380696,8   ,red  ,R2.7
57380696,9   ,red  ,C4.7
57380696,10  ,red  ,R7+4
57380696,11  ,red  ,C8+5
57380696,12  ,red  ,R7-3
57380696,13  ,red  ,C8-1
57380696,14  ,red  ,C8.5
57380696,15  ,red  ,R7.5
57380696,16  ,red  ,A6+5
57380696,17  ,red  ,C7.8
57380696,18  ,red  ,R9.6
57380696,19  ,red  ,R6+8
57380696,20  ,red  ,P3+1
57380696,21  ,red  ,P7+1
57380696,22  ,red  ,P7.8
57380696,23  ,red  ,C8.6
57380696,24  ,red  ,C6-2
57380696,25  ,red  ,R5.6
57380696,26  ,red  ,R-.3
57380696,27  ,red  ,R3+3
57380696,28  ,red  ,R3-6
57380696,29  ,red  ,R3.6
57380696,30  ,red  ,H1+3
57380696,31  ,red  ,H3+5
57380696,32  ,red  ,R+-2
57380696,33  ,red  ,R+.9
57380696,34  ,red  ,R9.1
57380696,35  ,red  ,R6.4
57380696,36  ,red  ,R4+3
57380696,37  ,red  ,R4.5
57380696,38  ,red  ,P9+1
57380696,39  ,red  ,R5-1
57380696,40  ,red  ,P1+1
57380696,41  ,red  ,P1+1
57380696,42  ,red  ,R1.5
57380696,43  ,red  ,P1+1
57380696,44  ,red  ,E5-7
57380696,45  ,red  ,E3+5
57380696,1   ,black,p3+1
57380696,2   ,black,h2+3
57380696,3   ,black,h3+4
57380696,4   ,black,c8.4
57380696,5   ,black,h8+7
57380696,6   ,black,c2+2
57380696,7   ,black,h4+5
57380696,8   ,black,h5+3
57380696,9   ,black,c2+2
57380696,10  ,black,c2-6
57380696,11  ,black,h7-5
57380696,12  ,black,r1+2
57380696,13  ,black,h5+7
57380696,14  ,black,h7+5
57380696,15  ,black,c4.5
57380696,16  ,black,c2+1
57380696,17  ,black,r9.8
57380696,18  ,black,r8+4
57380696,19  ,black,c2+3
57380696,20  ,black,p7+1
57380696,21  ,black,p7+1
57380696,22  ,black,r8.2
57380696,23  ,black,r2+5
57380696,24  ,black,r1.2
57380696,25  ,black,a6+5
57380696,26  ,black,p7.6
57380696,27  ,black,a5-6
57380696,28  ,black,c5+3
57380696,29  ,black,a6+5
57380696,30  ,black,r-.7
57380696,31  ,black,p6.5
57380696,32  ,black,p9+1
57380696,33  ,black,r7.5
57380696,34  ,black,r5+2
57380696,35  ,black,a5-6
57380696,36  ,black,a4+5
57380696,37  ,black,r2-5
57380696,38  ,black,p5+1
57380696,39  ,black,r2.5
57380696,40  ,black,r5+1
57380696,41  ,black,r5.1
57380696,42  ,black,r1-1
57380696,43  ,black,p5.4
57380696,44  ,black,r1.3
57380697,1   ,red  ,C2.7
57380697,2   ,red  ,H2+3
57380697,3   ,red  ,R1.2
57380697,4   ,red  ,C7+4
57380697,5   ,red  ,C8.7
57380697,6   ,red  ,C+-2
57380697,7   ,red  ,E7+5
57380697,8   ,red  ,R2+1
57380697,9   ,red  ,H8+9
57380697,10  ,red  ,R9.8
57380697,11  ,red  ,H3+5
57380697,12  ,red  ,A4+5
57380697,13  ,red  ,R2+5
57380697,14  ,red  ,R2.8
57380697,15  ,red  ,C+.3
57380697,16  ,red  ,C7+6
57380697,17  ,red  ,R+-1
57380697,18  ,red  ,R+-1
57380697,19  ,red  ,C7.8
57380697,20  ,red  ,R++2
57380697,21  ,red  ,R+.4
57380697,22  ,red  ,C8-5
57380697,23  ,red  ,C8.6
57380697,1   ,black,c8.5
57380697,2   ,black,h8+7
57380697,3   ,black,r9+1
57380697,4   ,black,p7+1
57380697,5   ,black,h2+1
57380697,6   ,black,h7+6
57380697,7   ,black,r9.4
57380697,8   ,black,r4+5
57380697,9   ,black,c2.4
57380697,10  ,black,h6+5
57380697,11  ,black,c5+4
57380697,12  ,black,a4+5
57380697,13  ,black,p5+1
57380697,14  ,black,h1-3
57380697,15  ,black,p7+1
57380697,16  ,black,c4-2
57380697,17  ,black,p5+1
57380697,18  ,black,p7.6
57380697,19  ,black,r1+2
57380697,20  ,black,r1.4
57380697,21  ,black,r-.8
57380697,22  ,black,r8+7
57380697,23  ,black,r8.7
57380698,1   ,red  ,C8.4
57380698,2   ,red  ,H8+7
57380698,3   ,red  ,R9.8
57380698,4   ,red  ,R8+4
57380698,5   ,red  ,P7+1
57380698,6   ,red  ,R8.7
57380698,7   ,red  ,R7+2
57380698,8   ,red  ,E3+5
57380698,9   ,red  ,C2.3
57380698,10  ,red  ,H2+1
57380698,11  ,red  ,P1+1
57380698,12  ,red  ,R7+1
57380698,13  ,red  ,R7-1
57380698,14  ,red  ,A4+5
57380698,15  ,red  ,P9+1
57380698,16  ,red  ,R7.5
57380698,17  ,red  ,R5-1
57380698,18  ,red  ,R1.2
57380698,19  ,red  ,H1-2
57380698,20  ,red  ,P3+1
57380698,21  ,red  ,P3+1
57380698,22  ,red  ,H2+3
57380698,23  ,red  ,P3+1
57380698,24  ,red  ,P3+1
57380698,25  ,red  ,P3.2
57380698,26  ,red  ,R5.2
57380698,27  ,red  ,P2+1
57380698,28  ,red  ,H7+6
57380698,29  ,red  ,H6+4
57380698,30  ,red  ,H3+4
57380698,31  ,red  ,H++5
57380698,32  ,red  ,H5+7
57380698,33  ,red  ,H4+5
57380698,34  ,red  ,R2.3
57380698,35  ,red  ,R3.6
57380698,36  ,red  ,R6+2
57380698,1   ,black,h2+3
57380698,2   ,black,e3+5
57380698,3   ,black,r1.2
57380698,4   ,black,p3+1
57380698,5   ,black,p3+1
57380698,6   ,black,a4+5
57380698,7   ,black,c8.6
57380698,8   ,black,h8+7
57380698,9   ,black,r9.8
57380698,10  ,black,p7+1
57380698,11  ,black,c6+1
57380698,12  ,black,c6-1
57380698,13  ,black,c2+6
57380698,14  ,black,c6+4
57380698,15  ,black,h7+6
57380698,16  ,black,r2.3
57380698,17  ,black,h6-7
57380698,18  ,black,r8+9
57380698,19  ,black,h7+8
57380698,20  ,black,h8+9
57380698,21  ,black,h9+7
57380698,22  ,black,c6.7
57380698,23  ,black,r3+3
57380698,24  ,black,r3.7
57380698,25  ,black,c7.8
57380698,26  ,black,c8.7
57380698,27  ,black,c2-7
57380698,28  ,black,c2.1
57380698,29  ,black,c7-2
57380698,30  ,black,c1+4
57380698,31  ,black,r7-1
57380698,32  ,black,k5.4
57380698,33  ,black,r7+1
57380698,34  ,black,r7.5
57380698,35  ,black,a5+4
57380699,1   ,red  ,C8.5
57380699,2   ,red  ,C5+4
57380699,3   ,red  ,H8+7
57380699,4   ,red  ,R9.8
57380699,5   ,red  ,H2+1
57380699,6   ,red  ,C5-2
57380699,7   ,red  ,P1+1
57380699,8   ,red  ,E7+5
57380699,9   ,red  ,P3+1
57380699,10  ,red  ,R1.2
57380699,11  ,red  ,R8+6
57380699,12  ,red  ,C2+6
57380699,13  ,red  ,R8.5
57380699,14  ,red  ,P9+1
57380699,15  ,red  ,C5+3
57380699,16  ,red  ,R5+1
57380699,17  ,red  ,R5.8
57380699,18  ,red  ,R2+7
57380699,19  ,red  ,R2.1
57380699,20  ,red  ,R8.7
57380699,21  ,red  ,R7.6
57380699,22  ,red  ,R1.4
57380699,23  ,red  ,R6.4
57380699,24  ,red  ,R4.7
57380699,25  ,red  ,C2+1
57380699,26  ,red  ,R7+2
57380699,27  ,red  ,C2.6
57380699,28  ,red  ,R7-2
57380699,29  ,red  ,R7.8
57380699,30  ,red  ,A6+5
57380699,31  ,red  ,H7+9
57380699,32  ,red  ,H9+8
57380699,33  ,red  ,H8+7
57380699,34  ,red  ,H7-5
57380699,35  ,red  ,H1+2
57380699,36  ,red  ,R8+2
57380699,37  ,red  ,H5+7
57380699,38  ,red  ,R8.6
57380699,1   ,black,e3+5
57380699,2   ,black,a4+5
57380699,3   ,black,p3+1
57380699,4   ,black,c8.7
57380699,5   ,black,p9+1
57380699,6   ,black,p9+1
57380699,7   ,black,r9+5
57380699,8   ,black,h8+9
57380699,9   ,black,r9+1
57380699,10  ,black,h2+4
57380699,11  ,black,p1+1
57380699,12  ,black,h4-2
57380699,13  ,black,p1+1
57380699,14  ,black,r1+5
57380699,15  ,black,e7+5
57380699,16  ,black,c7.6
57380699,17  ,black,h2+1
57380699,18  ,black,r9.6
57380699,19  ,black,k5.4
57380699,20  ,black,a5+4
57380699,21  ,black,k4.5
57380699,22  ,black,r6-4
57380699,23  ,black,h1-3
57380699,24  ,black,h3-1
57380699,25  ,black,a6+5
57380699,26  ,black,a5-4
57380699,27  ,black,h1+2
57380699,28  ,black,k5.4
57380699,29  ,black,r1.4
57380699,30  ,black,r4+1
57380699,31  ,black,r4.3
57380699,32  ,black,k4.5
57380699,33  ,black,k5.6
57380699,34  ,black,k6.5
57380699,35  ,black,r3.5
57380699,36  ,black,k5+1
57380699,37  ,black,k5.4
57380700,1   ,red  ,C2.5
57380700,2   ,red  ,H2+3
57380700,3   ,red  ,R1.2
57380700,4   ,red  ,P3+1
57380700,5   ,red  ,P7+1
57380700,6   ,red  ,P5+1
57380700,7   ,red  ,R2+3
57380700,8   ,red  ,C8.7
57380700,9   ,red  ,R9+2
57380700,10  ,red  ,P7+1
57380700,11  ,red  ,A6+5
57380700,12  ,red  ,R9.8
57380700,13  ,red  ,R8.9
57380700,14  ,red  ,R2.8
57380700,15  ,red  ,C7.6
57380700,16  ,red  ,H8+7
57380700,17  ,red  ,R9.8
57380700,18  ,red  ,C5+4
57380700,19  ,red  ,C5-1
57380700,20  ,red  ,R++3
57380700,21  ,red  ,R+.5
57380700,22  ,red  ,R5.4
57380700,23  ,red  ,R8+6
57380700,24  ,red  ,R8.6
57380700,25  ,red  ,R4.6
57380700,26  ,red  ,R6.5
57380700,27  ,red  ,R5.3
57380700,28  ,red  ,R3.4
57380700,1   ,black,h2+3
57380700,2   ,black,a4+5
57380700,3   ,black,h8+9
57380700,4   ,black,c8.6
57380700,5   ,black,e3+5
57380700,6   ,black,r1.4
57380700,7   ,black,r4+7
57380700,8   ,black,c2+6
57380700,9   ,black,p3+1
57380700,10  ,black,e5+3
57380700,11  ,black,r4-5
57380700,12  ,black,c2.1
57380700,13  ,black,c1.2
57380700,14  ,black,c2.4
57380700,15  ,black,c4.3
57380700,16  ,black,c6+6
57380700,17  ,black,a5-4
57380700,18  ,black,r4+2
57380700,19  ,black,r9+1
57380700,20  ,black,k5+1
57380700,21  ,black,k5.6
57380700,22  ,black,k6.5
57380700,23  ,black,r4-3
57380700,24  ,black,k5.4
57380700,25  ,black,k4.5
57380700,26  ,black,e3-5
57380700,27  ,black,k5.6
57380701,1   ,red  ,P3+1
57380701,2   ,red  ,H2+3
57380701,3   ,red  ,E3+5
57380701,4   ,red  ,H8+9
57380701,5   ,red  ,R9.8
57380701,6   ,red  ,A4+5
57380701,7   ,red  ,C8.7
57380701,8   ,red  ,R8+5
57380701,9   ,red  ,R8.3
57380701,10  ,red  ,R3+2
57380701,11  ,red  ,R3.2
57380701,12  ,red  ,C7.3
57380701,13  ,red  ,R1.4
57380701,14  ,red  ,R2.3
57380701,15  ,red  ,C3+7
57380701,16  ,red  ,R4+3
57380701,17  ,red  ,K5.4
57380701,18  ,red  ,R4.5
57380701,19  ,red  ,R3-7
57380701,20  ,red  ,R5+3
57380701,21  ,red  ,K4.5
57380701,22  ,red  ,R3.4
57380701,1   ,black,c2.5
57380701,2   ,black,h8+7
57380701,3   ,black,h2+3
57380701,4   ,black,r1.2
57380701,5   ,black,r2+4
57380701,6   ,black,p7+1
57380701,7   ,black,p7+1
57380701,8   ,black,p7+1
57380701,9   ,black,p7+1
57380701,10  ,black,p7.8
57380701,11  ,black,p8.7
57380701,12  ,black,p3+1
57380701,13  ,black,h3+4
57380701,14  ,black,h4+5
57380701,15  ,black,a6+5
57380701,16  ,black,r9.8
57380701,17  ,black,c5.6
57380701,18  ,black,r8+9
57380701,19  ,black,r8-5
57380701,20  ,black,r8.6
57380701,21  ,black,r6+5
57380702,1   ,red  ,C8.5
57380702,2   ,red  ,P7+1
57380702,3   ,red  ,H8+7
57380702,4   ,red  ,A4+5
57380702,5   ,red  ,R9.8
57380702,6   ,red  ,C2+4
57380702,7   ,red  ,C2.7
57380702,8   ,red  ,H2+3
57380702,9   ,red  ,R8+5
57380702,10  ,red  ,P7+1
57380702,11  ,red  ,R8+2
57380702,12  ,red  ,P7.6
57380702,13  ,red  ,P1+1
57380702,14  ,red  ,C7-2
57380702,15  ,red  ,C7.5
57380702,16  ,red  ,P3+1
57380702,1   ,black,h2+3
57380702,2   ,black,e3+5
57380702,3   ,black,a4+5
57380702,4   ,black,r1.4
57380702,5   ,black,c2-2
57380702,6   ,black,p7+1
57380702,7   ,black,c8.6
57380702,8   ,black,h8+7
57380702,9   ,black,r9.8
57380702,10  ,black,c6+2
57380702,11  ,black,c6-2
57380702,12  ,black,r4+4
57380702,13  ,black,c2.4
57380702,14  ,black,r8+5
57380702,15  ,black,p5+1
57380702,16  ,black,r8+2
57380703,1   ,red  ,E3+5
57380703,2   ,red  ,H2+4
57380703,3   ,red  ,H8+9
57380703,4   ,red  ,H4+6
57380703,5   ,red  ,A4+5
57380703,6   ,red  ,R9.8
57380703,7   ,red  ,C2.1
57380703,8   ,red  ,R1.4
57380703,9   ,red  ,P7+1
57380703,10  ,red  ,C8.7
57380703,11  ,red  ,C7+4
57380703,12  ,red  ,C7.3
57380703,13  ,red  ,C3-2
57380703,14  ,red  ,R8+7
57380703,15  ,red  ,C1+3
57380703,16  ,red  ,P1+1
57380703,17  ,red  ,R4.1
57380703,18  ,red  ,H6+5
57380703,19  ,red  ,H5+3
57380703,20  ,red  ,P7+1
57380703,21  ,red  ,R1+4
57380703,22  ,red  ,R8.7
57380703,23  ,red  ,R7.5
57380703,24  ,red  ,C3+5
57380703,1   ,black,c2.5
57380703,2   ,black,h2+3
57380703,3   ,black,h8+9
57380703,4   ,black,a4+5
57380703,5   ,black,c8.6
57380703,6   ,black,r9.8
57380703,7   ,black,p9+1
57380703,8   ,black,r8+4
57380703,9   ,black,p1+1
57380703,10  ,black,c6.8
57380703,11  ,black,c5.6
57380703,12  ,black,e3+5
57380703,13  ,black,r1.4
57380703,14  ,black,r8+3
57380703,15  ,black,r8-1
57380703,16  ,black,r8-1
57380703,17  ,black,h9+8
57380703,18  ,black,c8.9
57380703,19  ,black,c6+2
57380703,20  ,black,r8.9
57380703,21  ,black,c9+3
57380703,22  ,black,c6+4
57380703,23  ,black,c6.8
57380704,1   ,red  ,C2.5
57380704,2   ,red  ,R1+1
57380704,3   ,red  ,R1.4
57380704,4   ,red  ,H8+7
57380704,5   ,red  ,R9.8
57380704,6   ,red  ,C8+5
57380704,7   ,red  ,P7+1
57380704,8   ,red  ,H2+3
57380704,9   ,red  ,H7+6
57380704,10  ,red  ,H6+7
57380704,11  ,red  ,H7+5
57380704,12  ,red  ,C8.5
57380704,13  ,red  ,R4+4
57380704,14  ,red  ,R4.7
57380704,15  ,red  ,C-.7
57380704,16  ,red  ,R7.4
57380704,17  ,red  ,C7+5
57380704,18  ,red  ,E7+5
57380704,19  ,red  ,H3+4
57380704,20  ,red  ,R8+6
57380704,21  ,red  ,P7+1
57380704,22  ,red  ,H4+6
57380704,23  ,red  ,H6+7
57380704,24  ,red  ,P7+1
57380704,25  ,red  ,P7+1
57380704,26  ,red  ,R8-1
57380704,27  ,red  ,R8.4
57380704,28  ,red  ,R4.3
57380704,29  ,red  ,R3+4
57380704,30  ,red  ,A4+5
57380704,31  ,red  ,P5+1
57380704,32  ,red  ,R3-3
57380704,33  ,red  ,R3.4
57380704,34  ,red  ,R4-2
57380704,35  ,red  ,R4+1
57380704,36  ,red  ,R4.1
57380704,37  ,red  ,R1+3
57380704,38  ,red  ,R1+1
57380704,39  ,red  ,R1.6
57380704,40  ,red  ,R6-1
57380704,41  ,red  ,R6-2
57380704,42  ,red  ,R6.4
57380704,43  ,red  ,R4.3
57380704,1   ,black,c8+1
57380704,2   ,black,h8+9
57380704,3   ,black,a6+5
57380704,4   ,black,c2.6
57380704,5   ,black,h2+3
57380704,6   ,black,e3+5
57380704,7   ,black,r9.8
57380704,8   ,black,p9+1
57380704,9   ,black,h9+8
57380704,10  ,black,c8-2
57380704,11  ,black,e7+5
57380704,12  ,black,k5.6
57380704,13  ,black,c8.6
57380704,14  ,black,h8+7
57380704,15  ,black,h7-6
57380704,16  ,black,c-+3
57380704,17  ,black,c-.3
57380704,18  ,black,c6-2
57380704,19  ,black,p7+1
57380704,20  ,black,r8+3
57380704,21  ,black,r8.6
57380704,22  ,black,r6+1
57380704,23  ,black,c6.3
57380704,24  ,black,r6-2
57380704,25  ,black,r6.5
57380704,26  ,black,r1.3
57380704,27  ,black,r5.6
57380704,28  ,black,r3+2
57380704,29  ,black,k6+1
57380704,30  ,black,r6+4
57380704,31  ,black,r6.9
57380704,32  ,black,r3.5
57380704,33  ,black,a5+6
57380704,34  ,black,r9-1
57380704,35  ,black,r9.5
57380704,36  ,black,p5+1
57380704,37  ,black,k6-1
57380704,38  ,black,k6+1
57380704,39  ,black,r++1
57380704,40  ,black,a6-5
57380704,41  ,black,r+.1
57380704,42  ,black,r5.6
57380705,1   ,red  ,C2.6
57380705,2   ,red  ,E7+5
57380705,3   ,red  ,C8.7
57380705,4   ,red  ,H2+3
57380705,5   ,red  ,R1.2
57380705,6   ,red  ,R2+4
57380705,7   ,red  ,P7+1
57380705,8   ,red  ,R2.7
57380705,9   ,red  ,P3+1
57380705,10  ,red  ,A6+5
57380705,11  ,red  ,P9+1
57380705,12  ,red  ,H8+6
57380705,13  ,red  ,H6+8
57380705,14  ,red  ,C6+5
57380705,15  ,red  ,C6.3
57380705,16  ,red  ,R9.7
57380705,17  ,red  ,P5+1
57380705,18  ,red  ,H3+4
57380705,19  ,red  ,H4+5
57380705,1   ,black,p3+1
57380705,2   ,black,h2+3
57380705,3   ,black,h8+7
57380705,4   ,black,h3+2
57380705,5   ,black,r9.8
57380705,6   ,black,e3+5
57380705,7   ,black,p3+1
57380705,8   ,black,a4+5
57380705,9   ,black,r1.4
57380705,10  ,black,r4+6
57380705,11  ,black,r4.2
57380705,12  ,black,c2.4
57380705,13  ,black,h2-4
57380705,14  ,black,h4+3
57380705,15  ,black,r2+1
57380705,16  ,black,h3-5
57380705,17  ,black,h5-3
57380705,18  ,black,c8+3
57380705,19  ,black,c8+4
57380706,1   ,red  ,P7+1
57380706,2   ,red  ,C2.5
57380706,3   ,red  ,H2+3
57380706,4   ,red  ,R1.2
57380706,5   ,red  ,A4+5
57380706,6   ,red  ,C5+4
57380706,7   ,red  ,H8+9
57380706,8   ,red  ,E3+5
57380706,9   ,red  ,P5+1
57380706,10  ,red  ,R2.4
57380706,11  ,red  ,R4+3
57380706,12  ,red  ,C5-1
57380706,13  ,red  ,C8.6
57380706,14  ,red  ,R9.8
57380706,15  ,red  ,R8.9
57380706,16  ,red  ,C5.8
57380706,17  ,red  ,H3+2
57380706,18  ,red  ,P7+1
57380706,19  ,red  ,R4+2
57380706,20  ,red  ,H9+7
57380706,21  ,red  ,H7+6
57380706,22  ,red  ,R4-2
57380706,23  ,red  ,H2-4
57380706,24  ,red  ,R9.8
57380706,25  ,red  ,H4+5
57380706,26  ,red  ,H5+4
57380706,27  ,red  ,R8+9
57380706,28  ,red  ,R8.6
57380706,29  ,red  ,A5-4
57380706,30  ,red  ,R6-1
57380706,31  ,red  ,R6.4
57380706,32  ,red  ,H6+5
57380706,33  ,red  ,H5+7
57380706,34  ,red  ,R4-2
57380706,35  ,red  ,R4+1
57380706,36  ,red  ,R4.6
57380706,1   ,black,e3+5
57380706,2   ,black,a4+5
57380706,3   ,black,h2+1
57380706,4   ,black,r1.4
57380706,5   ,black,h8+9
57380706,6   ,black,p9+1
57380706,7   ,black,p1+1
57380706,8   ,black,r4+4
57380706,9   ,black,h9+8
57380706,10  ,black,h8+7
57380706,11  ,black,c8.7
57380706,12  ,black,h7-8
57380706,13  ,black,p9+1
57380706,14  ,black,h1+2
57380706,15  ,black,p9+1
57380706,16  ,black,r4.2
57380706,17  ,black,c7.6
57380706,18  ,black,p3+1
57380706,19  ,black,h8-7
57380706,20  ,black,r2+2
57380706,21  ,black,p7+1
57380706,22  ,black,r2.6
57380706,23  ,black,p7+1
57380706,24  ,black,p9.8
57380706,25  ,black,p7.6
57380706,26  ,black,c2.6
57380706,27  ,black,a5-4
57380706,28  ,black,k5+1
57380706,29  ,black,p6.5
57380706,30  ,black,k5-1
57380706,31  ,black,c6+2
57380706,32  ,black,c6.5
57380706,33  ,black,k5.4
57380706,34  ,black,c5-1
57380706,35  ,black,r9+2
57380707,1   ,red  ,C2.5
57380707,2   ,red  ,H2+3
57380707,3   ,red  ,R1.2
57380707,4   ,red  ,C8.6
57380707,5   ,red  ,H8+7
57380707,6   ,red  ,R2+4
57380707,7   ,red  ,P7+1
57380707,8   ,red  ,P3+1
57380707,9   ,red  ,R2+5
57380707,10  ,red  ,P3+1
57380707,11  ,red  ,R9.8
57380707,12  ,red  ,A6+5
57380707,13  ,red  ,R8+5
57380707,14  ,red  ,R8-1
57380707,15  ,red  ,E3+1
57380707,16  ,red  ,P7+1
57380707,17  ,red  ,R8.4
57380707,18  ,red  ,C6.2
57380707,19  ,red  ,C5+4
57380707,20  ,red  ,H7+5
57380707,21  ,red  ,C5-1
57380707,22  ,red  ,C2.5
57380707,23  ,red  ,C+.6
57380707,24  ,red  ,E7+5
57380707,25  ,red  ,H5+3
57380707,26  ,red  ,E1-3
57380707,27  ,red  ,H3-4
57380707,28  ,red  ,H4+5
57380707,29  ,red  ,H5-4
57380707,30  ,red  ,H4+3
57380707,31  ,red  ,H3-4
57380707,32  ,red  ,P9+1
57380707,33  ,red  ,P1+1
57380707,34  ,red  ,H4-2
57380707,35  ,red  ,A5-6
57380707,36  ,red  ,A4+5
57380707,37  ,red  ,H2+4
57380707,38  ,red  ,E3+1
57380707,39  ,red  ,K5.4
57380707,40  ,red  ,E1+3
57380707,41  ,red  ,K4.5
57380707,42  ,red  ,H4-3
57380707,1   ,black,c2.5
57380707,2   ,black,c8.6
57380707,3   ,black,h8+7
57380707,4   ,black,h2+3
57380707,5   ,black,r1.2
57380707,6   ,black,p7+1
57380707,7   ,black,r2+4
57380707,8   ,black,r9.8
57380707,9   ,black,h7-8
57380707,10  ,black,r2.7
57380707,11  ,black,h8+7
57380707,12  ,black,h7+6
57380707,13  ,black,e3+1
57380707,14  ,black,c6.7
57380707,15  ,black,c7+5
57380707,16  ,black,p3+1
57380707,17  ,black,c7.8
57380707,18  ,black,h3+4
57380707,19  ,black,c5+4
57380707,20  ,black,h4+6
57380707,21  ,black,h--7
57380707,22  ,black,k5+1
57380707,23  ,black,h6+5
57380707,24  ,black,r7.5
57380707,25  ,black,r5.4
57380707,26  ,black,r4.7
57380707,27  ,black,h7+5
57380707,28  ,black,r7.5
57380707,29  ,black,h5+7
57380707,30  ,black,r5+1
57380707,31  ,black,r5.6
57380707,32  ,black,r6+1
57380707,33  ,black,h7+5
57380707,34  ,black,h5+3
57380707,35  ,black,h3-1
57380707,36  ,black,h1+3
57380707,37  ,black,h3+1
57380707,38  ,black,h1+3
57380707,39  ,black,h3-5
57380707,40  ,black,p3+1
57380707,41  ,black,p3.4
57380707,42  ,black,h5+7
57380708,1   ,red  ,C2.5
57380708,2   ,red  ,H2+3
57380708,3   ,red  ,R1.2
57380708,4   ,red  ,H8+7
57380708,5   ,red  ,R9+1
57380708,6   ,red  ,R9.4
57380708,7   ,red  ,P5+1
57380708,8   ,red  ,H7+5
57380708,9   ,red  ,R4+6
57380708,10  ,red  ,P3+1
57380708,11  ,red  ,P5+1
57380708,12  ,red  ,H3+5
57380708,13  ,red  ,P5+1
57380708,14  ,red  ,C5-1
57380708,15  ,red  ,R4-4
57380708,16  ,red  ,C8+7
57380708,17  ,red  ,E3+5
57380708,18  ,red  ,C5+6
57380708,19  ,red  ,R4.8
57380708,20  ,red  ,R2+3
57380708,21  ,red  ,R8.6
57380708,22  ,red  ,R2.6
57380708,23  ,red  ,A6+5
57380708,24  ,red  ,E5-3
57380708,25  ,red  ,K5.6
57380708,26  ,red  ,R6+6
57380708,27  ,red  ,K6.5
57380708,28  ,red  ,R6.4
57380708,29  ,red  ,R4.1
57380708,30  ,red  ,R1-4
57380708,31  ,red  ,R1+3
57380708,32  ,red  ,R1+1
57380708,33  ,red  ,K5.6
57380708,34  ,red  ,R1.5
57380708,35  ,red  ,C8-8
57380708,36  ,red  ,R5.2
57380708,37  ,red  ,K6+1
57380708,1   ,black,c2.5
57380708,2   ,black,h8+9
57380708,3   ,black,r9.8
57380708,4   ,black,h2+3
57380708,5   ,black,r1.2
57380708,6   ,black,r2+6
57380708,7   ,black,r2.3
57380708,8   ,black,p3+1
57380708,9   ,black,c8+4
57380708,10  ,black,h3+4
57380708,11  ,black,h4+5
57380708,12  ,black,r3.5
57380708,13  ,black,r5-3
57380708,14  ,black,a4+5
57380708,15  ,black,c8+2
57380708,16  ,black,e3+1
57380708,17  ,black,r5.4
57380708,18  ,black,e7+5
57380708,19  ,black,c8-4
57380708,20  ,black,k5.4
57380708,21  ,black,r4+3
57380708,22  ,black,k4.5
57380708,23  ,black,c8+5
57380708,24  ,black,a5+6
57380708,25  ,black,r8+8
57380708,26  ,black,k5+1
57380708,27  ,black,p9+1
57380708,28  ,black,r8.6
57380708,29  ,black,h9+8
57380708,30  ,black,e5-3
57380708,31  ,black,k5+1
57380708,32  ,black,r6.5
57380708,33  ,black,r5-2
57380708,34  ,black,a6-5
57380708,35  ,black,h8+7
57380708,36  ,black,h7+6
57380708,37  ,black,r5.4
57380709,1   ,red  ,P3+1
57380709,2   ,red  ,E3+5
57380709,3   ,red  ,H2+3
57380709,4   ,red  ,R1.2
57380709,5   ,red  ,P7+1
57380709,6   ,red  ,H8+7
57380709,7   ,red  ,C2+2
57380709,8   ,red  ,H7+6
57380709,9   ,red  ,H6+7
57380709,10  ,red  ,C8.6
57380709,11  ,red  ,H7-6
57380709,12  ,red  ,P9+1
57380709,13  ,red  ,R9+3
57380709,14  ,red  ,A6+5
57380709,15  ,red  ,C6-2
57380709,16  ,red  ,C6+2
57380709,17  ,red  ,E7+9
57380709,18  ,red  ,R9.7
57380709,19  ,red  ,C6-2
57380709,20  ,red  ,E9-7
57380709,21  ,red  ,C6.8
57380709,22  ,red  ,H6-7
57380709,23  ,red  ,H7-8
57380709,24  ,red  ,A5-6
57380709,25  ,red  ,A4+5
57380709,26  ,red  ,H3+4
57380709,27  ,red  ,H4+5
57380709,28  ,red  ,C2.1
57380709,29  ,red  ,C1+3
57380709,30  ,red  ,C1+2
57380709,31  ,red  ,H5+3
57380709,32  ,red  ,R2+7
57380709,33  ,red  ,A5+6
57380709,34  ,red  ,H3+2
57380709,1   ,black,c8.7
57380709,2   ,black,h8+9
57380709,3   ,black,r9.8
57380709,4   ,black,h2+3
57380709,5   ,black,e3+5
57380709,6   ,black,a4+5
57380709,7   ,black,p9+1
57380709,8   ,black,r8+4
57380709,9   ,black,c2+4
57380709,10  ,black,c2.3
57380709,11  ,black,r1.2
57380709,12  ,black,r2+3
57380709,13  ,black,c3+2
57380709,14  ,black,c3.2
57380709,15  ,black,c2-1
57380709,16  ,black,c2+2
57380709,17  ,black,c2.1
57380709,18  ,black,r2+6
57380709,19  ,black,h3+2
57380709,20  ,black,h2+3
57380709,21  ,black,h3+4
57380709,22  ,black,h4+2
57380709,23  ,black,r8.2
57380709,24  ,black,r2+5
57380709,25  ,black,p7+1
57380709,26  ,black,p7+1
57380709,27  ,black,c7.8
57380709,28  ,black,c8+2
57380709,29  ,black,c8.5
57380709,30  ,black,r2-6
57380709,31  ,black,r2.7
57380709,32  ,black,c5+3
57380709,33  ,black,c5.7
57380710,1   ,red  ,P3+1
57380710,2   ,red  ,E3+5
57380710,3   ,red  ,H2+4
57380710,4   ,red  ,C8.7
57380710,5   ,red  ,C7+4
57380710,6   ,red  ,R1.2
57380710,7   ,red  ,C2+6
57380710,8   ,red  ,H8+9
57380710,9   ,red  ,C2-2
57380710,10  ,red  ,C7-2
57380710,11  ,red  ,R9.8
57380710,12  ,red  ,H9-8
57380710,13  ,red  ,P5+1
57380710,14  ,red  ,A6+5
57380710,15  ,red  ,C7.5
57380710,16  ,red  ,P7+1
57380710,17  ,red  ,R2+4
57380710,18  ,red  ,H4+3
57380710,19  ,red  ,H8+7
57380710,20  ,red  ,C2.9
57380710,21  ,red  ,R2.3
57380710,22  ,red  ,R3+2
57380710,23  ,red  ,H3+2
57380710,24  ,red  ,C9.3
57380710,1   ,black,c8.7
57380710,2   ,black,c2.5
57380710,3   ,black,h2+3
57380710,4   ,black,r1.2
57380710,5   ,black,h8+9
57380710,6   ,black,r9.8
57380710,7   ,black,e3+1
57380710,8   ,black,r2+1
57380710,9   ,black,r2+2
57380710,10  ,black,h3+4
57380710,11  ,black,r2+6
57380710,12  ,black,h4+6
57380710,13  ,black,c5+3
57380710,14  ,black,c5-1
57380710,15  ,black,a6+5
57380710,16  ,black,e7+5
57380710,17  ,black,r8.6
57380710,18  ,black,e1-3
57380710,19  ,black,p7+1
57380710,20  ,black,p7+1
57380710,21  ,black,h9+7
57380710,22  ,black,h6-7
57380710,23  ,black,c7.8
57380710,24  ,black,r6+4
57380711,1   ,red  ,E3+5
57380711,2   ,red  ,H8+9
57380711,3   ,red  ,R9+1
57380711,4   ,red  ,R9.6
57380711,5   ,red  ,R6+3
57380711,6   ,red  ,H2+4
57380711,7   ,red  ,R1.2
57380711,8   ,red  ,R6.8
57380711,9   ,red  ,C2.3
57380711,10  ,red  ,H4+6
57380711,11  ,red  ,A6+5
57380711,12  ,red  ,R2+4
57380711,13  ,red  ,P7+1
57380711,14  ,red  ,R2.7
57380711,15  ,red  ,R7.5
57380711,16  ,red  ,H6+7
57380711,17  ,red  ,H7-5
57380711,18  ,red  ,E7+9
57380711,19  ,red  ,H5+7
57380711,20  ,red  ,E9-7
57380711,21  ,red  ,H7+5
57380711,22  ,red  ,H5+6
57380711,23  ,red  ,P1+1
57380711,24  ,red  ,R5.4
57380711,25  ,red  ,R4+2
57380711,26  ,red  ,R4.1
57380711,27  ,red  ,R1.6
57380711,28  ,red  ,C3.4
57380711,29  ,red  ,R6-3
57380711,30  ,red  ,P1+1
57380711,31  ,red  ,R6.5
57380711,32  ,red  ,C8+7
57380711,33  ,red  ,C8-7
57380711,34  ,red  ,R5.6
57380711,35  ,red  ,C8+1
57380711,36  ,red  ,C8.4
57380711,37  ,red  ,C--1
57380711,38  ,red  ,C+.5
57380711,39  ,red  ,K5.6
57380711,40  ,red  ,C5+4
57380711,41  ,red  ,R6.3
57380711,42  ,red  ,K6.5
57380711,43  ,red  ,C4+2
57380711,44  ,red  ,R3.2
57380711,45  ,red  ,C4.5
57380711,46  ,red  ,R2.5
57380711,47  ,red  ,R5+4
57380711,48  ,red  ,R5-4
57380711,1   ,black,c8.5
57380711,2   ,black,h8+7
57380711,3   ,black,r9.8
57380711,4   ,black,a6+5
57380711,5   ,black,c2.4
57380711,6   ,black,r8+4
57380711,7   ,black,h2+3
57380711,8   ,black,p1+1
57380711,9   ,black,r8.6
57380711,10  ,black,c5+4
57380711,11  ,black,p3+1
57380711,12  ,black,h3+4
57380711,13  ,black,p3+1
57380711,14  ,black,e3+5
57380711,15  ,black,r1.3
57380711,16  ,black,h4+2
57380711,17  ,black,h2+1
57380711,18  ,black,r3+6
57380711,19  ,black,r6.3
57380711,20  ,black,p5+1
57380711,21  ,black,r+.7
57380711,22  ,black,a5+4
57380711,23  ,black,p7+1
57380711,24  ,black,a+-5
57380711,25  ,black,h7+6
57380711,26  ,black,h6+4
57380711,27  ,black,h4+6
57380711,28  ,black,p7+1
57380711,29  ,black,p7.8
57380711,30  ,black,r3.9
57380711,31  ,black,r9.7
57380711,32  ,black,e5-3
57380711,33  ,black,r-.5
57380711,34  ,black,p8+1
57380711,35  ,black,p8+1
57380711,36  ,black,p8.7
57380711,37  ,black,r5.3
57380711,38  ,black,e3+5
57380711,39  ,black,r3.5
57380711,40  ,black,e7+5
57380711,41  ,black,r5.4
57380711,42  ,black,p7.8
57380711,43  ,black,r4+2
57380711,44  ,black,r4.1
57380711,45  ,black,r1.5
57380711,46  ,black,p1+1
57380711,47  ,black,p1+1
57380712,1   ,red  ,C8.5
57380712,2   ,red  ,H8+7
57380712,3   ,red  ,R9.8
57380712,4   ,red  ,A6+5
57380712,5   ,red  ,P7+1
57380712,6   ,red  ,H7+6
57380712,7   ,red  ,P7+1
57380712,8   ,red  ,R8+3
57380712,9   ,red  ,H6-8
57380712,10  ,red  ,H8-6
57380712,11  ,red  ,H2+3
57380712,12  ,red  ,R1.2
57380712,13  ,red  ,C2.1
57380712,14  ,red  ,R2+6
57380712,15  ,red  ,R2.4
57380712,16  ,red  ,C1+4
57380712,17  ,red  ,E3+5
57380712,18  ,red  ,H6+5
57380712,19  ,red  ,H5+3
57380712,20  ,red  ,H++5
57380712,21  ,red  ,H3+4
57380712,22  ,red  ,P9+1
57380712,23  ,red  ,R4+3
57380712,24  ,red  ,C1.6
57380712,25  ,red  ,C6-4
57380712,26  ,red  ,H5+7
57380712,27  ,red  ,C6+3
57380712,28  ,red  ,C6.5
57380712,29  ,red  ,H7+5
57380712,30  ,red  ,H4+2
57380712,31  ,red  ,A5+4
57380712,32  ,red  ,A-+5
57380712,33  ,red  ,H5-7
57380712,34  ,red  ,K5.4
57380712,35  ,red  ,H7-5
57380712,36  ,red  ,H5+4
57380712,37  ,red  ,C5.3
57380712,38  ,red  ,C3+3
57380712,1   ,black,h2+3
57380712,2   ,black,r1.2
57380712,3   ,black,c2+4
57380712,4   ,black,p7+1
57380712,5   ,black,h8+7
57380712,6   ,black,c8.9
57380712,7   ,black,p3+1
57380712,8   ,black,r2+6
57380712,9   ,black,p3+1
57380712,10  ,black,r9.8
57380712,11  ,black,r8+5
57380712,12  ,black,e3+5
57380712,13  ,black,r8.4
57380712,14  ,black,h7+6
57380712,15  ,black,h6+7
57380712,16  ,black,h7+5
57380712,17  ,black,p3+1
57380712,18  ,black,p3+1
57380712,19  ,black,a4+5
57380712,20  ,black,r4-2
57380712,21  ,black,c9+4
57380712,22  ,black,p3+1
57380712,23  ,black,a5-6
57380712,24  ,black,h3+2
57380712,25  ,black,h2+3
57380712,26  ,black,h3-1
57380712,27  ,black,h1+3
57380712,28  ,black,a6+5
57380712,29  ,black,p3.4
57380712,30  ,black,h3+5
57380712,31  ,black,c9+3
57380712,32  ,black,h5+3
57380712,33  ,black,e5+3
57380712,34  ,black,c9.3
57380712,35  ,black,k5.4
57380712,36  ,black,k4+1
57380712,37  ,black,h3-4
57380713,1   ,red  ,H2+3
57380713,2   ,red  ,H8+7
57380713,3   ,red  ,P7+1
57380713,4   ,red  ,C2+2
57380713,5   ,red  ,E7+5
57380713,6   ,red  ,H7+8
57380713,7   ,red  ,R1.2
57380713,8   ,red  ,A4+5
57380713,9   ,red  ,R9.7
57380713,10  ,red  ,H8+7
57380713,11  ,red  ,P7+1
57380713,12  ,red  ,H7+9
57380713,13  ,red  ,H9+7
57380713,14  ,red  ,H7-5
57380713,15  ,red  ,C8.6
57380713,16  ,red  ,C2+3
57380713,17  ,red  ,P9+1
57380713,18  ,red  ,R7+6
57380713,19  ,red  ,R7-2
57380713,20  ,red  ,P1+1
57380713,21  ,red  ,H3+5
57380713,22  ,red  ,R7+2
57380713,23  ,red  ,R7.9
57380713,24  ,red  ,R2+3
57380713,25  ,red  ,C6+5
57380713,26  ,red  ,C6-3
57380713,27  ,red  ,R2+1
57380713,28  ,red  ,C6.5
57380713,29  ,red  ,R9.7
57380713,30  ,red  ,C5+2
57380713,31  ,red  ,C5-3
57380713,32  ,red  ,R7.4
57380713,33  ,red  ,E3+1
57380713,34  ,red  ,R2.3
57380713,35  ,red  ,R3+3
57380713,36  ,red  ,R4+3
57380713,37  ,red  ,R3-6
57380713,38  ,red  ,R3.4
57380713,39  ,red  ,C2.3
57380713,40  ,red  ,R4+5
57380713,41  ,red  ,E1+3
57380713,42  ,red  ,C3-5
57380713,43  ,red  ,R4.1
57380713,44  ,red  ,P9+1
57380713,45  ,red  ,P9+1
57380713,46  ,red  ,P9.8
57380713,47  ,red  ,P8.7
57380713,48  ,red  ,P1+1
57380713,49  ,red  ,R1.5
57380713,50  ,red  ,R5+1
57380713,51  ,red  ,P7+1
57380713,52  ,red  ,R5-3
57380713,53  ,red  ,P7.6
57380713,54  ,red  ,P6.5
57380713,55  ,red  ,P5.4
57380713,56  ,red  ,P4+1
57380713,57  ,red  ,R5.7
57380713,58  ,red  ,R7+5
57380713,59  ,red  ,R7-1
57380713,60  ,red  ,R7+1
57380713,61  ,red  ,R7-1
57380713,62  ,red  ,R7+1
57380713,1   ,black,c2.5
57380713,2   ,black,p7+1
57380713,3   ,black,h2+3
57380713,4   ,black,c8.7
57380713,5   ,black,h8+9
57380713,6   ,black,r9.8
57380713,7   ,black,r1+1
57380713,8   ,black,r1.4
57380713,9   ,black,r4+3
57380713,10  ,black,e3+1
57380713,11  ,black,r4.3
57380713,12  ,black,r3.2
57380713,13  ,black,k5+1
57380713,14  ,black,e7+5
57380713,15  ,black,h3+4
57380713,16  ,black,c7+4
57380713,17  ,black,k5-1
57380713,18  ,black,r2-1
57380713,19  ,black,r2+3
57380713,20  ,black,h4+5
57380713,21  ,black,r2.5
57380713,22  ,black,r5-2
57380713,23  ,black,c7.5
57380713,24  ,black,p7+1
57380713,25  ,black,e5-3
57380713,26  ,black,p7+1
57380713,27  ,black,p7+1
57380713,28  ,black,p7+1
57380713,29  ,black,a6+5
57380713,30  ,black,e3+5
57380713,31  ,black,r5+2
57380713,32  ,black,r8.7
57380713,33  ,black,r5+1
57380713,34  ,black,r7.8
57380713,35  ,black,r8.6
57380713,36  ,black,k5.6
57380713,37  ,black,r5.8
57380713,38  ,black,k6.5
57380713,39  ,black,h9+7
57380713,40  ,black,h7+8
57380713,41  ,black,h8+7
57380713,42  ,black,r8.7
57380713,43  ,black,r7-2
57380713,44  ,black,a5-6
57380713,45  ,black,a4+5
57380713,46  ,black,a5-4
57380713,47  ,black,a4+5
57380713,48  ,black,r7-1
57380713,49  ,black,r7.9
57380713,50  ,black,r9-1
57380713,51  ,black,r9.4
57380713,52  ,black,r4.3
57380713,53  ,black,r3.4
57380713,54  ,black,a5-4
57380713,55  ,black,a4+5
57380713,56  ,black,k5.4
57380713,57  ,black,k4.5
57380713,58  ,black,a5-4
57380713,59  ,black,a4+5
57380713,60  ,black,a5-4
57380713,61  ,black,r4.5
57380714,1   ,red  ,P7+1
57380714,2   ,red  ,C2.4
57380714,3   ,red  ,H2+1
57380714,4   ,red  ,P3+1
57380714,5   ,red  ,R1.2
57380714,6   ,red  ,E7+5
57380714,7   ,red  ,H8+7
57380714,8   ,red  ,R9.8
57380714,9   ,red  ,H1-2
57380714,10  ,red  ,H2+1
57380714,11  ,red  ,C4+1
57380714,12  ,red  ,P9+1
57380714,13  ,red  ,K5.4
57380714,14  ,red  ,H1-3
57380714,15  ,red  ,C8.9
57380714,16  ,red  ,K4.5
57380714,17  ,red  ,E5+7
57380714,18  ,red  ,E7-5
57380714,19  ,red  ,P3+1
57380714,20  ,red  ,H3+1
57380714,21  ,red  ,C4-3
57380714,22  ,red  ,P1+1
57380714,23  ,red  ,A6+5
57380714,24  ,red  ,C4+4
57380714,25  ,red  ,R8+4
57380714,26  ,red  ,R8.7
57380714,27  ,red  ,R7.6
57380714,28  ,red  ,C9-1
57380714,29  ,red  ,H1+2
57380714,30  ,red  ,H2-4
57380714,31  ,red  ,H4+3
57380714,32  ,red  ,R6.5
57380714,33  ,red  ,H7+6
57380714,34  ,red  ,H6+5
57380714,1   ,black,c2.6
57380714,2   ,black,e3+5
57380714,3   ,black,h8+7
57380714,4   ,black,r9.8
57380714,5   ,black,c8+2
57380714,6   ,black,h2+3
57380714,7   ,black,c8.1
57380714,8   ,black,r8+9
57380714,9   ,black,r1.2
57380714,10  ,black,r2+6
57380714,11  ,black,r2-2
57380714,12  ,black,c6+7
57380714,13  ,black,r2.6
57380714,14  ,black,c1.2
57380714,15  ,black,p3+1
57380714,16  ,black,p3+1
57380714,17  ,black,c2.3
57380714,18  ,black,p7+1
57380714,19  ,black,r6.7
57380714,20  ,black,r7.6
57380714,21  ,black,h7+8
57380714,22  ,black,r6+4
57380714,23  ,black,h8+6
57380714,24  ,black,r6-3
57380714,25  ,black,r6+3
57380714,26  ,black,h3+4
57380714,27  ,black,h4+6
57380714,28  ,black,r6-2
57380714,29  ,black,h6+8
57380714,30  ,black,h8-7
57380714,31  ,black,e5+7
57380714,32  ,black,c3.5
57380714,33  ,black,e+-5
57380715,1   ,red  ,C2.5
57380715,2   ,red  ,H2+3
57380715,3   ,red  ,R1.2
57380715,4   ,red  ,P3+1
57380715,5   ,red  ,H8+7
57380715,6   ,red  ,R9.8
57380715,7   ,red  ,C8.9
57380715,8   ,red  ,P3+1
57380715,9   ,red  ,H3+4
57380715,10  ,red  ,R8+4
57380715,11  ,red  ,C5.4
57380715,12  ,red  ,E3+5
57380715,13  ,red  ,R8+4
57380715,14  ,red  ,R8.7
57380715,15  ,red  ,R2+9
57380715,16  ,red  ,R7+1
57380715,17  ,red  ,C4.2
57380715,18  ,red  ,C2+4
57380715,19  ,red  ,C2.8
57380715,20  ,red  ,H7-5
57380715,21  ,red  ,C8+3
57380715,22  ,red  ,H5-3
57380715,23  ,red  ,R7-2
57380715,24  ,red  ,R7.5
57380715,25  ,red  ,C9+4
57380715,26  ,red  ,C9+2
57380715,27  ,red  ,C8-1
57380715,28  ,red  ,C9+1
57380715,29  ,red  ,C8+1
57380715,30  ,red  ,A6+5
57380715,31  ,red  ,C8.7
57380715,32  ,red  ,C9-1
57380715,33  ,red  ,R5.6
57380715,34  ,red  ,R6+1
57380715,35  ,red  ,C9-2
57380715,36  ,red  ,R6+1
57380715,37  ,red  ,C9+3
57380715,38  ,red  ,R6.3
57380715,39  ,red  ,R3-1
57380715,40  ,red  ,R3.6
57380715,41  ,red  ,R6+1
57380715,42  ,red  ,R6-1
57380715,43  ,red  ,R6-4
57380715,44  ,red  ,C9.8
57380715,45  ,red  ,R6+5
57380715,46  ,red  ,R6-1
57380715,47  ,red  ,C8.7
57380715,48  ,red  ,C7-3
57380715,49  ,red  ,K5.6
57380715,50  ,red  ,R6-6
57380715,51  ,red  ,K6+1
57380715,52  ,red  ,A5+4
57380715,53  ,red  ,K6.5
57380715,54  ,red  ,K5-1
57380715,55  ,red  ,R6+7
57380715,56  ,red  ,C7.4
57380715,57  ,red  ,C4-6
57380715,58  ,red  ,K5.4
57380715,59  ,red  ,R6-4
57380715,60  ,red  ,K4+1
57380715,1   ,black,h8+7
57380715,2   ,black,c2.5
57380715,3   ,black,h2+3
57380715,4   ,black,r1.2
57380715,5   ,black,r2+4
57380715,6   ,black,p7+1
57380715,7   ,black,r2.4
57380715,8   ,black,r4.7
57380715,9   ,black,r7.6
57380715,10  ,black,p3+1
57380715,11  ,black,r6.7
57380715,12  ,black,r9.8
57380715,13  ,black,a6+5
57380715,14  ,black,c8.9
57380715,15  ,black,h7-8
57380715,16  ,black,c9.8
57380715,17  ,black,h8+9
57380715,18  ,black,p5+1
57380715,19  ,black,c5.7
57380715,20  ,black,k5.6
57380715,21  ,black,c8+7
57380715,22  ,black,c7.5
57380715,23  ,black,k6+1
57380715,24  ,black,r7.6
57380715,25  ,black,r6+1
57380715,26  ,black,a5+4
57380715,27  ,black,k6-1
57380715,28  ,black,a-+5
57380715,29  ,black,k6+1
57380715,30  ,black,r6.2
57380715,31  ,black,r2-5
57380715,32  ,black,a5+6
57380715,33  ,black,r2.3
57380715,34  ,black,k6-1
57380715,35  ,black,r3+3
57380715,36  ,black,k6+1
57380715,37  ,black,h9+7
57380715,38  ,black,h7+6
57380715,39  ,black,k6-1
57380715,40  ,black,r3.1
57380715,41  ,black,k6+1
57380715,42  ,black,k6-1
57380715,43  ,black,h6+8
57380715,44  ,black,r1.2
57380715,45  ,black,k6+1
57380715,46  ,black,k6-1
57380715,47  ,black,r2+6
57380715,48  ,black,h8+7
57380715,49  ,black,h7-5
57380715,50  ,black,r2.3
57380715,51  ,black,c8-1
57380715,52  ,black,h5+6
57380715,53  ,black,r3-1
57380715,54  ,black,c8+1
57380715,55  ,black,k6+1
57380715,56  ,black,k6.5
57380715,57  ,black,c8.6
57380715,58  ,black,r3.7
57380715,59  ,black,r7+1
57380716,1   ,red  ,C2.5
57380716,2   ,red  ,H2+3
57380716,3   ,red  ,R1.2
57380716,4   ,red  ,C8.6
57380716,5   ,red  ,H8+7
57380716,6   ,red  ,R9.8
57380716,7   ,red  ,R8+6
57380716,8   ,red  ,P3+1
57380716,9   ,red  ,R8.9
57380716,10  ,red  ,R9.8
57380716,11  ,red  ,A4+5
57380716,12  ,red  ,R8.7
57380716,13  ,red  ,H3+4
57380716,14  ,red  ,E3+5
57380716,15  ,red  ,P9+1
57380716,16  ,red  ,H4+3
57380716,17  ,red  ,P9+1
57380716,18  ,red  ,H3-1
57380716,19  ,red  ,R7+2
57380716,20  ,red  ,H7-8
57380716,21  ,red  ,H8+9
57380716,22  ,red  ,P9.8
57380716,23  ,red  ,P8.7
57380716,24  ,red  ,P7+1
57380716,25  ,red  ,R2.3
57380716,26  ,red  ,R3.2
57380716,27  ,red  ,P7+1
57380716,28  ,red  ,H9+8
57380716,29  ,red  ,R2+2
57380716,30  ,red  ,H8+9
57380716,31  ,red  ,A5-6
57380716,32  ,red  ,K5.4
57380716,33  ,red  ,C6.2
57380716,34  ,red  ,K4+1
57380716,35  ,red  ,R7.6
57380716,1   ,black,h8+7
57380716,2   ,black,h2+3
57380716,3   ,black,r9.8
57380716,4   ,black,a4+5
57380716,5   ,black,p3+1
57380716,6   ,black,r1.2
57380716,7   ,black,h3+4
57380716,8   ,black,e3+5
57380716,9   ,black,h4+3
57380716,10  ,black,r2.4
57380716,11  ,black,c2.3
57380716,12  ,black,c3.1
57380716,13  ,black,h3+5
57380716,14  ,black,p9+1
57380716,15  ,black,c8+3
57380716,16  ,black,c8+1
57380716,17  ,black,r4+6
57380716,18  ,black,c8-3
57380716,19  ,black,r4.3
57380716,20  ,black,c1.4
57380716,21  ,black,r3.5
57380716,22  ,black,r5.9
57380716,23  ,black,r9-2
57380716,24  ,black,h7+8
57380716,25  ,black,h8+6
57380716,26  ,black,r9.3
57380716,27  ,black,c8+3
57380716,28  ,black,c4+7
57380716,29  ,black,c4-1
57380716,30  ,black,r3+5
57380716,31  ,black,c8.5
57380716,32  ,black,r8+7
57380716,33  ,black,h6+7
57380716,34  ,black,r3.4
57380716,35  ,black,r4.6
57380717,1   ,red  ,R1+1
57380717,2   ,red  ,R9+2
57380717,3   ,red  ,C8+2
57380717,4   ,red  ,C8.1
57380717,5   ,red  ,R1.8
57380717,6   ,red  ,R8+7
57380717,7   ,red  ,R9.6
57380717,8   ,red  ,C2.5
57380717,9   ,red  ,C5+4
57380717,10  ,red  ,C1.9
57380717,11  ,red  ,C9+5
57380717,12  ,red  ,E7+9
57380717,13  ,red  ,R6+5
57380717,14  ,red  ,R6.5
57380717,15  ,red  ,R5-1
57380717,16  ,red  ,R5+1
57380717,17  ,red  ,R5.7
57380717,18  ,red  ,R7+2
57380717,19  ,red  ,C9.8
57380717,20  ,red  ,P5+1
57380717,21  ,red  ,P5+1
57380717,1   ,black,c8+7
57380717,2   ,black,c2+7
57380717,3   ,black,e7+5
57380717,4   ,black,h8+9
57380717,5   ,black,c2.4
57380717,6   ,black,c4-4
57380717,7   ,black,c4.8
57380717,8   ,black,a6+5
57380717,9   ,black,c--4
57380717,10  ,black,c-.2
57380717,11  ,black,c2+8
57380717,12  ,black,h2+3
57380717,13  ,black,c8-7
57380717,14  ,black,h3+5
57380717,15  ,black,c8+1
57380717,16  ,black,h9-7
57380717,17  ,black,r9+2
57380717,18  ,black,r9.1
57380717,19  ,black,r1-2
57380717,20  ,black,c2-8
57380718,1   ,red  ,C8.5
57380718,2   ,red  ,H8+7
57380718,3   ,red  ,R9.8
57380718,4   ,red  ,R8+6
57380718,5   ,red  ,R8.7
57380718,6   ,red  ,H2+1
57380718,7   ,red  ,C2+2
57380718,8   ,red  ,P1+1
57380718,9   ,red  ,A4+5
57380718,10  ,red  ,R7-2
57380718,11  ,red  ,P9+1
57380718,12  ,red  ,P1+1
57380718,13  ,red  ,C2.1
57380718,14  ,red  ,C5.2
57380718,15  ,red  ,C2+5
57380718,16  ,red  ,R1.2
57380718,17  ,red  ,R7.6
57380718,18  ,red  ,C1.2
57380718,19  ,red  ,P3+1
57380718,1   ,black,c2.5
57380718,2   ,black,h2+3
57380718,3   ,black,r1+1
57380718,4   ,black,r1.6
57380718,5   ,black,h8+9
57380718,6   ,black,a6+5
57380718,7   ,black,r6+4
57380718,8   ,black,c5.6
57380718,9   ,black,e7+5
57380718,10  ,black,r6-1
57380718,11  ,black,p9+1
57380718,12  ,black,r6.9
57380718,13  ,black,r-.8
57380718,14  ,black,h9+8
57380718,15  ,black,r8+2
57380718,16  ,black,h3+4
57380718,17  ,black,h4+6
57380718,18  ,black,r8.9
57380718,19  ,black,h6+7
57380719,1   ,red  ,C8.5
57380719,2   ,red  ,H8+7
57380719,3   ,red  ,H2+3
57380719,4   ,red  ,P5+1
57380719,5   ,red  ,H3+5
57380719,6   ,red  ,P7+1
57380719,7   ,red  ,P3+1
57380719,8   ,red  ,R9+1
57380719,9   ,red  ,P5+1
57380719,10  ,red  ,H5+6
57380719,11  ,red  ,C5+4
57380719,12  ,red  ,C2.5
57380719,13  ,red  ,R9.6
57380719,14  ,red  ,R1.2
57380719,15  ,red  ,H6+7
57380719,16  ,red  ,A4+5
57380719,17  ,red  ,C5.4
57380719,18  ,red  ,A5+6
57380719,19  ,red  ,A-+5
57380719,20  ,red  ,C4-2
57380719,21  ,red  ,R6-1
57380719,22  ,red  ,E3+5
57380719,23  ,red  ,R2+3
57380719,24  ,red  ,R2.5
57380719,25  ,red  ,E5-7
57380719,26  ,red  ,H-+6
57380719,27  ,red  ,H6+7
57380719,28  ,red  ,H--5
57380719,29  ,red  ,H7-9
57380719,30  ,red  ,H9+8
57380719,1   ,black,h2+3
57380719,2   ,black,r1.2
57380719,3   ,black,h8+7
57380719,4   ,black,e7+5
57380719,5   ,black,c2+4
57380719,6   ,black,c8+4
57380719,7   ,black,a6+5
57380719,8   ,black,r9.6
57380719,9   ,black,p5+1
57380719,10  ,black,h3+5
57380719,11  ,black,h7+5
57380719,12  ,black,r2+4
57380719,13  ,black,h5-7
57380719,14  ,black,r6+6
57380719,15  ,black,k5.6
57380719,16  ,black,c2.3
57380719,17  ,black,r6.4
57380719,18  ,black,c3+3
57380719,19  ,black,c3.1
57380719,20  ,black,r2+5
57380719,21  ,black,r2.3
57380719,22  ,black,c8.5
57380719,23  ,black,c1.4
57380719,24  ,black,c4.6
57380719,25  ,black,r4.5
57380719,26  ,black,r5-1
57380719,27  ,black,c6.3
57380719,28  ,black,r5-1
57380719,29  ,black,r5.1
57380719,30  ,black,r1-3
57380720,1   ,red  ,C8.5
57380720,2   ,red  ,H8+7
57380720,3   ,red  ,C5-1
57380720,4   ,red  ,C2.5
57380720,5   ,red  ,H2+3
57380720,6   ,red  ,R1.2
57380720,7   ,red  ,R2+4
57380720,8   ,red  ,P5+1
57380720,9   ,red  ,P7+1
57380720,10  ,red  ,H3+5
57380720,11  ,red  ,C-.7
57380720,12  ,red  ,A6+5
57380720,13  ,red  ,P5+1
57380720,14  ,red  ,P5+1
57380720,15  ,red  ,R2.5
57380720,16  ,red  ,P3+1
57380720,17  ,red  ,H7+9
57380720,18  ,red  ,P3+1
57380720,19  ,red  ,P3+1
57380720,20  ,red  ,R5+1
57380720,21  ,red  ,C7+1
57380720,1   ,black,e3+5
57380720,2   ,black,h8+7
57380720,3   ,black,h2+4
57380720,4   ,black,r1.3
57380720,5   ,black,p3+1
57380720,6   ,black,c8.9
57380720,7   ,black,p7+1
57380720,8   ,black,p3+1
57380720,9   ,black,r3+5
57380720,10  ,black,r3+1
57380720,11  ,black,r3.4
57380720,12  ,black,c2+4
57380720,13  ,black,c2.5
57380720,14  ,black,h4+5
57380720,15  ,black,c9+4
57380720,16  ,black,c5.1
57380720,17  ,black,c9.1
57380720,18  ,black,a6+5
57380720,19  ,black,h5+3
57380720,20  ,black,h3+2
57380720,21  ,black,h2+3
57380721,1   ,red  ,C2.5
57380721,2   ,red  ,H2+3
57380721,3   ,red  ,R1.2
57380721,4   ,red  ,R2+8
57380721,5   ,red  ,R2-2
57380721,6   ,red  ,H8+9
57380721,7   ,red  ,R2+3
57380721,8   ,red  ,R9.8
57380721,9   ,red  ,A4+5
57380721,10  ,red  ,C8+2
57380721,11  ,red  ,C8.7
57380721,12  ,red  ,C7+3
57380721,13  ,red  ,C7.3
57380721,14  ,red  ,P3+1
57380721,15  ,red  ,A5+4
57380721,16  ,red  ,K5.4
57380721,17  ,red  ,R8+4
57380721,18  ,red  ,A6+5
57380721,19  ,red  ,H3-1
57380721,20  ,red  ,H1+2
57380721,21  ,red  ,K4+1
57380721,22  ,red  ,R8.4
57380721,23  ,red  ,H2+3
57380721,24  ,red  ,C5+1
57380721,25  ,red  ,R4+1
57380721,26  ,red  ,C5.6
57380721,27  ,red  ,K4-1
57380721,28  ,red  ,K4+1
57380721,1   ,black,c2.5
57380721,2   ,black,h2+3
57380721,3   ,black,c8.7
57380721,4   ,black,r1+1
57380721,5   ,black,h8+9
57380721,6   ,black,r9.8
57380721,7   ,black,h9-8
57380721,8   ,black,r1.4
57380721,9   ,black,p7+1
57380721,10  ,black,r4+4
57380721,11  ,black,a6+5
57380721,12  ,black,p7+1
57380721,13  ,black,h8+7
57380721,14  ,black,r4.7
57380721,15  ,black,c5+4
57380721,16  ,black,r7+1
57380721,17  ,black,c5-2
57380721,18  ,black,c5.7
57380721,19  ,black,r7+2
57380721,20  ,black,r7+1
57380721,21  ,black,c7.6
57380721,22  ,black,r7-3
57380721,23  ,black,r7-2
57380721,24  ,black,r7+1
57380721,25  ,black,h7+6
57380721,26  ,black,r7+3
57380721,27  ,black,r7+1
57380721,28  ,black,h6+7
57380722,1   ,red  ,C2.5
57380722,2   ,red  ,H2+3
57380722,3   ,red  ,R1+1
57380722,4   ,red  ,R1.6
57380722,5   ,red  ,R6+5
57380722,6   ,red  ,R6.7
57380722,7   ,red  ,C8.7
57380722,8   ,red  ,H8+9
57380722,9   ,red  ,R7.6
57380722,10  ,red  ,C7+5
57380722,11  ,red  ,P3+1
57380722,12  ,red  ,H3+4
57380722,13  ,red  ,A6+5
57380722,14  ,red  ,H4+5
57380722,15  ,red  ,C5+4
57380722,16  ,red  ,E3+5
57380722,17  ,red  ,R9.6
57380722,18  ,red  ,C5.1
57380722,19  ,red  ,H9-8
57380722,20  ,red  ,H8+6
57380722,21  ,red  ,R-.7
57380722,22  ,red  ,P7+1
57380722,23  ,red  ,R6-2
57380722,24  ,red  ,A5-6
57380722,25  ,red  ,A6+5
57380722,26  ,red  ,H6+7
57380722,27  ,red  ,P5+1
57380722,28  ,red  ,A5-6
57380722,29  ,red  ,A6+5
57380722,1   ,black,c8.5
57380722,2   ,black,h8+7
57380722,3   ,black,r9.8
57380722,4   ,black,h2+3
57380722,5   ,black,c5.6
57380722,6   ,black,e3+5
57380722,7   ,black,a4+5
57380722,8   ,black,c2-2
57380722,9   ,black,c2.3
57380722,10  ,black,c6.3
57380722,11  ,black,r1.2
57380722,12  ,black,c++7
57380722,13  ,black,r8+4
57380722,14  ,black,h7+5
57380722,15  ,black,r8.5
57380722,16  ,black,c+-2
57380722,17  ,black,c-+3
57380722,18  ,black,r2+7
57380722,19  ,black,r2+1
57380722,20  ,black,c++2
57380722,21  ,black,c3+6
57380722,22  ,black,c3.1
57380722,23  ,black,r2+1
57380722,24  ,black,r2-2
57380722,25  ,black,r2.5
57380722,26  ,black,r+.3
57380722,27  ,black,r3+2
57380722,28  ,black,r3-3
57380722,29  ,black,r5.2
57380723,1   ,red  ,P5+1
57380723,2   ,red  ,A4+5
57380723,3   ,red  ,E3+5
57380723,4   ,red  ,P1+1
57380723,5   ,red  ,P1+1
57380723,6   ,red  ,P1+1
57380723,7   ,red  ,P9+1
57380723,8   ,red  ,R1+4
57380723,9   ,red  ,R1+1
57380723,10  ,red  ,H8+9
57380723,11  ,red  ,H2+1
57380723,12  ,red  ,P1+1
57380723,13  ,red  ,P3+1
57380723,14  ,red  ,R1-2
57380723,15  ,red  ,C8.6
57380723,16  ,red  ,H9-7
57380723,17  ,red  ,H7+6
57380723,18  ,red  ,P9+1
57380723,19  ,red  ,H6+5
57380723,20  ,red  ,H5-3
57380723,21  ,red  ,R9+4
57380723,22  ,red  ,R9.6
57380723,23  ,red  ,R6+2
57380723,24  ,red  ,R6.9
57380723,25  ,red  ,R9-1
57380723,26  ,red  ,K5.4
57380723,27  ,red  ,K4+1
57380723,28  ,red  ,R9+1
57380723,29  ,red  ,C2.4
57380723,30  ,red  ,R9.3
57380723,31  ,red  ,R3-3
57380723,32  ,red  ,C4.3
57380723,33  ,red  ,P1.2
57380723,34  ,red  ,C3.4
57380723,1   ,black,c8.5
57380723,2   ,black,h8+7
57380723,3   ,black,r9.8
57380723,4   ,black,c5+3
57380723,5   ,black,a4+5
57380723,6   ,black,p5+1
57380723,7   ,black,e3+5
57380723,8   ,black,c2+3
57380723,9   ,black,p7+1
57380723,10  ,black,c2.4
57380723,11  ,black,h2+1
57380723,12  ,black,r1.2
57380723,13  ,black,c4.7
57380723,14  ,black,r2+6
57380723,15  ,black,p3+1
57380723,16  ,black,r2+2
57380723,17  ,black,h1+3
57380723,18  ,black,h3+1
57380723,19  ,black,r2-2
57380723,20  ,black,p7+1
57380723,21  ,black,p7.6
57380723,22  ,black,p3+1
57380723,23  ,black,r2.3
57380723,24  ,black,r3.9
57380723,25  ,black,r9+1
57380723,26  ,black,r9+2
57380723,27  ,black,r8+6
57380723,28  ,black,r8.6
57380723,29  ,black,h7+8
57380723,30  ,black,h8+7
57380723,31  ,black,r6.7
57380723,32  ,black,p6+1
57380723,33  ,black,c5.6
57380723,34  ,black,r7+2
57380724,1   ,red  ,E7+5
57380724,2   ,red  ,C8.6
57380724,3   ,red  ,H2+1
57380724,4   ,red  ,H8+7
57380724,5   ,red  ,R9.8
57380724,6   ,red  ,R8+4
57380724,7   ,red  ,P1+1
57380724,8   ,red  ,H1+2
57380724,9   ,red  ,P1+1
57380724,10  ,red  ,R1+5
57380724,11  ,red  ,R8.4
57380724,12  ,red  ,R1+4
57380724,13  ,red  ,A4+5
57380724,14  ,red  ,C6+7
57380724,15  ,red  ,H7+5
57380724,16  ,red  ,C2+1
57380724,17  ,red  ,H5+4
57380724,18  ,red  ,H4+3
57380724,19  ,red  ,E5-7
57380724,20  ,red  ,R4-4
57380724,21  ,red  ,K5.4
57380724,22  ,red  ,H2+1
57380724,23  ,red  ,K4.5
57380724,24  ,red  ,A5-4
57380724,1   ,black,c8.5
57380724,2   ,black,h8+7
57380724,3   ,black,r9.8
57380724,4   ,black,h2+3
57380724,5   ,black,r1.2
57380724,6   ,black,r8+4
57380724,7   ,black,r8.4
57380724,8   ,black,p7+1
57380724,9   ,black,p9+1
57380724,10  ,black,c2.1
57380724,11  ,black,r2+4
57380724,12  ,black,c5+4
57380724,13  ,black,e3+5
57380724,14  ,black,h3-4
57380724,15  ,black,r4+2
57380724,16  ,black,c1+4
57380724,17  ,black,r4.7
57380724,18  ,black,c1+3
57380724,19  ,black,r7+3
57380724,20  ,black,r7.6
57380724,21  ,black,p7+1
57380724,22  ,black,r2.9
57380724,23  ,black,r9+5
57380725,1   ,red  ,C8.4
57380725,2   ,red  ,H8+7
57380725,3   ,red  ,R9.8
57380725,4   ,red  ,R8+4
57380725,5   ,red  ,P3+1
57380725,6   ,red  ,P3+1
57380725,7   ,red  ,H2+3
57380725,8   ,red  ,R8.6
57380725,9   ,red  ,H3+4
57380725,10  ,red  ,E3+5
57380725,11  ,red  ,R1.3
57380725,12  ,red  ,R3+4
57380725,13  ,red  ,P7+1
57380725,14  ,red  ,R6.7
57380725,15  ,red  ,H4+6
57380725,16  ,red  ,H7+9
57380725,17  ,red  ,R7.4
57380725,18  ,red  ,R4+1
57380725,19  ,red  ,H9+7
57380725,20  ,red  ,R4+1
57380725,21  ,red  ,R4.5
57380725,22  ,red  ,A4+5
57380725,23  ,red  ,H7+8
57380725,24  ,red  ,R3.2
57380725,25  ,red  ,R2.3
57380725,26  ,red  ,H8-6
57380725,27  ,red  ,H6+4
57380725,28  ,red  ,R5.8
57380725,29  ,red  ,R3+5
57380725,30  ,red  ,R8+1
57380725,31  ,red  ,R8-3
57380725,32  ,red  ,R8.3
57380725,33  ,red  ,C2.1
57380725,34  ,red  ,C1+4
57380725,35  ,red  ,C1.2
57380725,36  ,red  ,C2+3
57380725,37  ,red  ,H4+6
57380725,38  ,red  ,R3.6
57380725,39  ,red  ,C4-2
57380725,40  ,red  ,R6+3
57380725,41  ,red  ,R6.5
57380725,42  ,red  ,R5.3
57380725,43  ,red  ,R3+2
57380725,44  ,red  ,A5+4
57380725,1   ,black,p3+1
57380725,2   ,black,h2+3
57380725,3   ,black,c2+2
57380725,4   ,black,p7+1
57380725,5   ,black,e7+5
57380725,6   ,black,c2.7
57380725,7   ,black,h3+4
57380725,8   ,black,h4-3
57380725,9   ,black,h8+7
57380725,10  ,black,r1.2
57380725,11  ,black,a6+5
57380725,12  ,black,c8+4
57380725,13  ,black,p3+1
57380725,14  ,black,h3+2
57380725,15  ,black,h2+1
57380725,16  ,black,h7+6
57380725,17  ,black,c7.4
57380725,18  ,black,c4+4
57380725,19  ,black,c4-6
57380725,20  ,black,r2+6
57380725,21  ,black,r9.6
57380725,22  ,black,p1+1
57380725,23  ,black,c4.2
57380725,24  ,black,c8.7
57380725,25  ,black,c7.8
57380725,26  ,black,r2.4
57380725,27  ,black,a5+6
57380725,28  ,black,r6.7
57380725,29  ,black,e5-7
57380725,30  ,black,a4+5
57380725,31  ,black,r4.5
57380725,32  ,black,e3+5
57380725,33  ,black,c8+3
57380725,34  ,black,r5.9
57380725,35  ,black,r9+3
57380725,36  ,black,a5-6
57380725,37  ,black,k5.4
57380725,38  ,black,c8.4
57380725,39  ,black,c4-7
57380725,40  ,black,k4.5
57380725,41  ,black,a+-5
57380725,42  ,black,r9.8
57380725,43  ,black,r8-8
57380726,1   ,red  ,C2.5
57380726,2   ,red  ,H2+3
57380726,3   ,red  ,H8+7
57380726,4   ,red  ,P7+1
57380726,5   ,red  ,H7+6
57380726,6   ,red  ,P7+1
57380726,7   ,red  ,H6+5
57380726,8   ,red  ,C5+4
57380726,9   ,red  ,C8.5
57380726,10  ,red  ,C+-2
57380726,11  ,red  ,R1.2
57380726,12  ,red  ,R9+1
57380726,13  ,red  ,E7+9
57380726,14  ,red  ,R9.6
57380726,15  ,red  ,R6+5
57380726,16  ,red  ,R6.3
57380726,17  ,red  ,R3.5
57380726,18  ,red  ,R5.2
57380726,19  ,red  ,R++1
57380726,20  ,red  ,R+.3
57380726,21  ,red  ,A6+5
57380726,22  ,red  ,C-.6
57380726,23  ,red  ,A5-6
57380726,24  ,red  ,R2+5
57380726,25  ,red  ,A6+5
57380726,26  ,red  ,R3-1
57380726,27  ,red  ,K5.6
57380726,28  ,red  ,K6+1
57380726,29  ,red  ,A5+4
57380726,30  ,red  ,R3.6
57380726,31  ,red  ,C6.8
57380726,32  ,red  ,R6+3
57380726,1   ,black,h2+3
57380726,2   ,black,e3+5
57380726,3   ,black,c2-2
57380726,4   ,black,c2.3
57380726,5   ,black,p3+1
57380726,6   ,black,e5+3
57380726,7   ,black,h3+5
57380726,8   ,black,r1.2
57380726,9   ,black,h8+7
57380726,10  ,black,c8+3
57380726,11  ,black,r9.8
57380726,12  ,black,r2+6
57380726,13  ,black,r2.1
57380726,14  ,black,r1+1
57380726,15  ,black,r1.3
57380726,16  ,black,r8+2
57380726,17  ,black,e3-5
57380726,18  ,black,a4+5
57380726,19  ,black,c3.2
57380726,20  ,black,c2+9
57380726,21  ,black,k5.4
57380726,22  ,black,r3+2
57380726,23  ,black,c8.6
57380726,24  ,black,r3-5
57380726,25  ,black,r3.8
57380726,26  ,black,r8.3
57380726,27  ,black,r3+5
57380726,28  ,black,c6+3
57380726,29  ,black,c6.7
57380726,30  ,black,k4.5
57380726,31  ,black,c7-2
57380727,1   ,red  ,C8.5
57380727,2   ,red  ,H8+7
57380727,3   ,red  ,R9.8
57380727,4   ,red  ,A4+5
57380727,5   ,red  ,H2+3
57380727,6   ,red  ,E3+1
57380727,7   ,red  ,R1.4
57380727,8   ,red  ,R8+4
57380727,9   ,red  ,P5+1
57380727,10  ,red  ,P3+1
57380727,11  ,red  ,E1+3
57380727,12  ,red  ,R4+3
57380727,13  ,red  ,C5+4
57380727,14  ,red  ,P5+1
57380727,15  ,red  ,R8+2
57380727,16  ,red  ,R8.7
57380727,17  ,red  ,E7+5
57380727,18  ,red  ,P5+1
57380727,19  ,red  ,R4+6
57380727,20  ,red  ,H3+4
57380727,21  ,red  ,C2.4
57380727,22  ,red  ,E5+7
57380727,23  ,red  ,R7+1
57380727,24  ,red  ,P5+1
57380727,25  ,red  ,H4+3
57380727,1   ,black,h8+7
57380727,2   ,black,p3+1
57380727,3   ,black,c2.4
57380727,4   ,black,h2+3
57380727,5   ,black,a6+5
57380727,6   ,black,h3+4
57380727,7   ,black,e7+5
57380727,8   ,black,p7+1
57380727,9   ,black,c8+2
57380727,10  ,black,p7+1
57380727,11  ,black,h4+3
57380727,12  ,black,c4.3
57380727,13  ,black,h7+5
57380727,14  ,black,h5-7
57380727,15  ,black,r1+2
57380727,16  ,black,h3-2
57380727,17  ,black,c3.4
57380727,18  ,black,r9.6
57380727,19  ,black,k5.6
57380727,20  ,black,p3+1
57380727,21  ,black,k6.5
57380727,22  ,black,r1.3
57380727,23  ,black,h2-3
57380727,24  ,black,e3+5
57380727,25  ,black,h3+4
57380728,1   ,red  ,C2.5
57380728,2   ,red  ,H2+3
57380728,3   ,red  ,R1.2
57380728,4   ,red  ,C8.6
57380728,5   ,red  ,H8+7
57380728,6   ,red  ,R9.8
57380728,7   ,red  ,R2+4
57380728,8   ,red  ,A6+5
57380728,9   ,red  ,P7+1
57380728,10  ,red  ,E3+1
57380728,11  ,red  ,H7+6
57380728,1   ,black,e3+5
57380728,2   ,black,a4+5
57380728,3   ,black,h8+9
57380728,4   ,black,r9.8
57380728,5   ,black,h2+3
57380728,6   ,black,c2.1
57380728,7   ,black,r1.4
57380728,8   ,black,r4+6
57380728,9   ,black,c1-2
57380728,10  ,black,c1.3
57380729,1   ,red  ,P3+1
57380729,2   ,red  ,H8+7
57380729,3   ,red  ,H2+3
57380729,4   ,red  ,R9.8
57380729,5   ,red  ,H3+4
57380729,6   ,red  ,C2.4
57380729,7   ,red  ,A6+5
57380729,8   ,red  ,E3+5
57380729,9   ,red  ,H4+3
57380729,10  ,red  ,C8+1
57380729,11  ,red  ,P7+1
57380729,12  ,red  ,C4.3
57380729,13  ,red  ,E5+7
57380729,14  ,red  ,H7+5
57380729,15  ,red  ,E-+5
57380729,16  ,red  ,R8+2
57380729,17  ,red  ,R1.3
57380729,18  ,red  ,R3.4
57380729,19  ,red  ,K5.6
57380729,20  ,red  ,R4+3
57380729,21  ,red  ,R8.6
57380729,22  ,red  ,C3.6
57380729,23  ,red  ,K6+1
57380729,24  ,red  ,C8+6
57380729,25  ,red  ,R4.6
57380729,26  ,red  ,C6+7
57380729,27  ,red  ,C6-2
57380729,28  ,red  ,C6.3
57380729,29  ,red  ,R6+6
57380729,1   ,black,c8.5
57380729,2   ,black,p3+1
57380729,3   ,black,c2.4
57380729,4   ,black,h2+3
57380729,5   ,black,h8+7
57380729,6   ,black,r9.8
57380729,7   ,black,r8+6
57380729,8   ,black,r8.6
57380729,9   ,black,r1.2
57380729,10  ,black,h3+4
57380729,11  ,black,r6-3
57380729,12  ,black,p3+1
57380729,13  ,black,h4+5
57380729,14  ,black,c5+4
57380729,15  ,black,c4.6
57380729,16  ,black,r6+5
57380729,17  ,black,c6+7
57380729,18  ,black,r6.5
57380729,19  ,black,r2+4
57380729,20  ,black,r2.4
57380729,21  ,black,r4+3
57380729,22  ,black,r5+1
57380729,23  ,black,c5.1
57380729,24  ,black,c1-2
57380729,25  ,black,a6+5
57380729,26  ,black,e7+5
57380729,27  ,black,e3+1
57380729,28  ,black,r5.6
57380730,1   ,red  ,C2.5
57380730,2   ,red  ,H2+3
57380730,3   ,red  ,R1.2
57380730,4   ,red  ,C5+4
57380730,5   ,red  ,H8+9
57380730,6   ,red  ,C8.5
57380730,7   ,red  ,R2+4
57380730,8   ,red  ,R2.6
57380730,9   ,red  ,E3+1
57380730,10  ,red  ,A6+5
57380730,11  ,red  ,R6+3
57380730,12  ,red  ,R6.7
57380730,13  ,red  ,R7+2
57380730,14  ,red  ,R9+1
57380730,15  ,red  ,H3+5
57380730,16  ,red  ,A5+4
57380730,17  ,red  ,H5+6
57380730,1   ,black,c2.5
57380730,2   ,black,h8+9
57380730,3   ,black,c8.7
57380730,4   ,black,a4+5
57380730,5   ,black,h2+3
57380730,6   ,black,r1.2
57380730,7   ,black,r2+8
57380730,8   ,black,c7+4
57380730,9   ,black,r9.8
57380730,10  ,black,r8+4
57380730,11  ,black,r2-4
57380730,12  ,black,k5.4
57380730,13  ,black,k4+1
57380730,14  ,black,c5+4
57380730,15  ,black,c7+2
57380730,16  ,black,r2.4
